date_id,date,day,weekday,week,month,month_num,quarter,year,season,is_workday,is_holiday
20200101,2020-01-01,1,Среда,1,Январь,1,1,2020,Зима,Да,Да
20200102,2020-01-02,2,Четверг,1,Январь,1,1,2020,Зима,Да,Да
20200103,2020-01-03,3,Пятница,1,Январь,1,1,2020,Зима,Да,Нет
20200104,2020-01-04,4,Суббота,1,Январь,1,1,2020,Зима,Нет,Нет
20200105,2020-01-05,5,Воскресенье,1,Январь,1,1,2020,Зима,Нет,Нет
20200106,2020-01-06,6,Понедельник,2,Январь,1,1,2020,Зима,Да,Нет
20200107,2020-01-07,7,Вторник,2,Январь,1,1,2020,Зима,Да,Да
20200108,2020-01-08,8,Среда,2,Январь,1,1,2020,Зима,Да,Нет
20200109,2020-01-09,9,Четверг,2,Январь,1,1,2020,Зима,Да,Нет
20200110,2020-01-10,10,Пятница,2,Январь,1,1,2020,Зима,Да,Нет
20200111,2020-01-11,11,Суббота,2,Январь,1,1,2020,Зима,Нет,Нет
20200112,2020-01-12,12,Воскресенье,2,Январь,1,1,2020,Зима,Нет,Нет
20200113,2020-01-13,13,Понедельник,3,Январь,1,1,2020,Зима,Да,Нет
20200114,2020-01-14,14,Вторник,3,Январь,1,1,2020,Зима,Да,Нет
20200115,2020-01-15,15,Среда,3,Январь,1,1,2020,Зима,Да,Нет
20200116,2020-01-16,16,Четверг,3,Январь,1,1,2020,Зима,Да,Нет
20200117,2020-01-17,17,Пятница,3,Январь,1,1,2020,Зима,Да,Нет
20200118,2020-01-18,18,Суббота,3,Январь,1,1,2020,Зима,Нет,Нет
20200119,2020-01-19,19,Воскресенье,3,Январь,1,1,2020,Зима,Нет,Нет
20200120,2020-01-20,20,Понедельник,4,Январь,1,1,2020,Зима,Да,Нет
20200121,2020-01-21,21,Вторник,4,Январь,1,1,2020,Зима,Да,Нет
20200122,2020-01-22,22,Среда,4,Январь,1,1,2020,Зима,Да,Нет
20200123,2020-01-23,23,Четверг,4,Январь,1,1,2020,Зима,Да,Нет
20200124,2020-01-24,24,Пятница,4,Январь,1,1,2020,Зима,Да,Нет
20200125,2020-01-25,25,Суббота,4,Январь,1,1,2020,Зима,Нет,Нет
20200126,2020-01-26,26,Воскресенье,4,Январь,1,1,2020,Зима,Нет,Нет
20200127,2020-01-27,27,Понедельник,5,Январь,1,1,2020,Зима,Да,Нет
20200128,2020-01-28,28,Вторник,5,Январь,1,1,2020,Зима,Да,Нет
20200129,2020-01-29,29,Среда,5,Январь,1,1,2020,Зима,Да,Нет
20200130,2020-01-30,30,Четверг,5,Январь,1,1,2020,Зима,Да,Нет
20200131,2020-01-31,31,Пятница,5,Январь,1,1,2020,Зима,Да,Нет
20200201,2020-02-01,1,Суббота,5,Февраль,2,1,2020,Зима,Нет,Нет
20200202,2020-02-02,2,Воскресенье,5,Февраль,2,1,2020,Зима,Нет,Нет
20200203,2020-02-03,3,Понедельник,6,Февраль,2,1,2020,Зима,Да,Нет
20200204,2020-02-04,4,Вторник,6,Февраль,2,1,2020,Зима,Да,Нет
20200205,2020-02-05,5,Среда,6,Февраль,2,1,2020,Зима,Да,Нет
20200206,2020-02-06,6,Четверг,6,Февраль,2,1,2020,Зима,Да,Нет
20200207,2020-02-07,7,Пятница,6,Февраль,2,1,2020,Зима,Да,Нет
20200208,2020-02-08,8,Суббота,6,Февраль,2,1,2020,Зима,Нет,Нет
20200209,2020-02-09,9,Воскресенье,6,Февраль,2,1,2020,Зима,Нет,Нет
20200210,2020-02-10,10,Понедельник,7,Февраль,2,1,2020,Зима,Да,Нет
20200211,2020-02-11,11,Вторник,7,Февраль,2,1,2020,Зима,Да,Нет
20200212,2020-02-12,12,Среда,7,Февраль,2,1,2020,Зима,Да,Нет
20200213,2020-02-13,13,Четверг,7,Февраль,2,1,2020,Зима,Да,Нет
20200214,2020-02-14,14,Пятница,7,Февраль,2,1,2020,Зима,Да,Нет
20200215,2020-02-15,15,Суббота,7,Февраль,2,1,2020,Зима,Нет,Нет
20200216,2020-02-16,16,Воскресенье,7,Февраль,2,1,2020,Зима,Нет,Нет
20200217,2020-02-17,17,Понедельник,8,Февраль,2,1,2020,Зима,Да,Нет
20200218,2020-02-18,18,Вторник,8,Февраль,2,1,2020,Зима,Да,Нет
20200219,2020-02-19,19,Среда,8,Февраль,2,1,2020,Зима,Да,Нет
20200220,2020-02-20,20,Четверг,8,Февраль,2,1,2020,Зима,Да,Нет
20200221,2020-02-21,21,Пятница,8,Февраль,2,1,2020,Зима,Да,Нет
20200222,2020-02-22,22,Суббота,8,Февраль,2,1,2020,Зима,Нет,Нет
20200223,2020-02-23,23,Воскресенье,8,Февраль,2,1,2020,Зима,Нет,Нет
20200224,2020-02-24,24,Понедельник,9,Февраль,2,1,2020,Зима,Да,Нет
20200225,2020-02-25,25,Вторник,9,Февраль,2,1,2020,Зима,Да,Нет
20200226,2020-02-26,26,Среда,9,Февраль,2,1,2020,Зима,Да,Нет
20200227,2020-02-27,27,Четверг,9,Февраль,2,1,2020,Зима,Да,Нет
20200228,2020-02-28,28,Пятница,9,Февраль,2,1,2020,Зима,Да,Нет
20200229,2020-02-29,29,Суббота,9,Февраль,2,1,2020,Зима,Нет,Нет
20200301,2020-03-01,1,Воскресенье,9,Март,3,1,2020,Весна,Нет,Нет
20200302,2020-03-02,2,Понедельник,10,Март,3,1,2020,Весна,Да,Нет
20200303,2020-03-03,3,Вторник,10,Март,3,1,2020,Весна,Да,Нет
20200304,2020-03-04,4,Среда,10,Март,3,1,2020,Весна,Да,Нет
20200305,2020-03-05,5,Четверг,10,Март,3,1,2020,Весна,Да,Нет
20200306,2020-03-06,6,Пятница,10,Март,3,1,2020,Весна,Да,Нет
20200307,2020-03-07,7,Суббота,10,Март,3,1,2020,Весна,Нет,Нет
20200308,2020-03-08,8,Воскресенье,10,Март,3,1,2020,Весна,Нет,Да
20200309,2020-03-09,9,Понедельник,11,Март,3,1,2020,Весна,Да,Нет
20200310,2020-03-10,10,Вторник,11,Март,3,1,2020,Весна,Да,Нет
20200311,2020-03-11,11,Среда,11,Март,3,1,2020,Весна,Да,Нет
20200312,2020-03-12,12,Четверг,11,Март,3,1,2020,Весна,Да,Нет
20200313,2020-03-13,13,Пятница,11,Март,3,1,2020,Весна,Да,Нет
20200314,2020-03-14,14,Суббота,11,Март,3,1,2020,Весна,Нет,Нет
20200315,2020-03-15,15,Воскресенье,11,Март,3,1,2020,Весна,Нет,Нет
20200316,2020-03-16,16,Понедельник,12,Март,3,1,2020,Весна,Да,Нет
20200317,2020-03-17,17,Вторник,12,Март,3,1,2020,Весна,Да,Нет
20200318,2020-03-18,18,Среда,12,Март,3,1,2020,Весна,Да,Нет
20200319,2020-03-19,19,Четверг,12,Март,3,1,2020,Весна,Да,Нет
20200320,2020-03-20,20,Пятница,12,Март,3,1,2020,Весна,Да,Нет
20200321,2020-03-21,21,Суббота,12,Март,3,1,2020,Весна,Нет,Нет
20200322,2020-03-22,22,Воскресенье,12,Март,3,1,2020,Весна,Нет,Нет
20200323,2020-03-23,23,Понедельник,13,Март,3,1,2020,Весна,Да,Нет
20200324,2020-03-24,24,Вторник,13,Март,3,1,2020,Весна,Да,Нет
20200325,2020-03-25,25,Среда,13,Март,3,1,2020,Весна,Да,Нет
20200326,2020-03-26,26,Четверг,13,Март,3,1,2020,Весна,Да,Нет
20200327,2020-03-27,27,Пятница,13,Март,3,1,2020,Весна,Да,Нет
20200328,2020-03-28,28,Суббота,13,Март,3,1,2020,Весна,Нет,Нет
20200329,2020-03-29,29,Воскресенье,13,Март,3,1,2020,Весна,Нет,Нет
20200330,2020-03-30,30,Понедельник,14,Март,3,1,2020,Весна,Да,Нет
20200331,2020-03-31,31,Вторник,14,Март,3,1,2020,Весна,Да,Нет
20200401,2020-04-01,1,Среда,14,Апрель,4,2,2020,Весна,Да,Нет
20200402,2020-04-02,2,Четверг,14,Апрель,4,2,2020,Весна,Да,Нет
20200403,2020-04-03,3,Пятница,14,Апрель,4,2,2020,Весна,Да,Нет
20200404,2020-04-04,4,Суббота,14,Апрель,4,2,2020,Весна,Нет,Нет
20200405,2020-04-05,5,Воскресенье,14,Апрель,4,2,2020,Весна,Нет,Нет
20200406,2020-04-06,6,Понедельник,15,Апрель,4,2,2020,Весна,Да,Нет
20200407,2020-04-07,7,Вторник,15,Апрель,4,2,2020,Весна,Да,Нет
20200408,2020-04-08,8,Среда,15,Апрель,4,2,2020,Весна,Да,Нет
20200409,2020-04-09,9,Четверг,15,Апрель,4,2,2020,Весна,Да,Нет
20200410,2020-04-10,10,Пятница,15,Апрель,4,2,2020,Весна,Да,Нет
20200411,2020-04-11,11,Суббота,15,Апрель,4,2,2020,Весна,Нет,Нет
20200412,2020-04-12,12,Воскресенье,15,Апрель,4,2,2020,Весна,Нет,Нет
20200413,2020-04-13,13,Понедельник,16,Апрель,4,2,2020,Весна,Да,Нет
20200414,2020-04-14,14,Вторник,16,Апрель,4,2,2020,Весна,Да,Нет
20200415,2020-04-15,15,Среда,16,Апрель,4,2,2020,Весна,Да,Нет
20200416,2020-04-16,16,Четверг,16,Апрель,4,2,2020,Весна,Да,Нет
20200417,2020-04-17,17,Пятница,16,Апрель,4,2,2020,Весна,Да,Нет
20200418,2020-04-18,18,Суббота,16,Апрель,4,2,2020,Весна,Нет,Нет
20200419,2020-04-19,19,Воскресенье,16,Апрель,4,2,2020,Весна,Нет,Нет
20200420,2020-04-20,20,Понедельник,17,Апрель,4,2,2020,Весна,Да,Нет
20200421,2020-04-21,21,Вторник,17,Апрель,4,2,2020,Весна,Да,Нет
20200422,2020-04-22,22,Среда,17,Апрель,4,2,2020,Весна,Да,Нет
20200423,2020-04-23,23,Четверг,17,Апрель,4,2,2020,Весна,Да,Нет
20200424,2020-04-24,24,Пятница,17,Апрель,4,2,2020,Весна,Да,Нет
20200425,2020-04-25,25,Суббота,17,Апрель,4,2,2020,Весна,Нет,Нет
20200426,2020-04-26,26,Воскресенье,17,Апрель,4,2,2020,Весна,Нет,Нет
20200427,2020-04-27,27,Понедельник,18,Апрель,4,2,2020,Весна,Да,Нет
20200428,2020-04-28,28,Вторник,18,Апрель,4,2,2020,Весна,Да,Нет
20200429,2020-04-29,29,Среда,18,Апрель,4,2,2020,Весна,Да,Нет
20200430,2020-04-30,30,Четверг,18,Апрель,4,2,2020,Весна,Да,Нет
20200501,2020-05-01,1,Пятница,18,Май,5,2,2020,Весна,Да,Да
20200502,2020-05-02,2,Суббота,18,Май,5,2,2020,Весна,Нет,Нет
20200503,2020-05-03,3,Воскресенье,18,Май,5,2,2020,Весна,Нет,Нет
20200504,2020-05-04,4,Понедельник,19,Май,5,2,2020,Весна,Да,Нет
20200505,2020-05-05,5,Вторник,19,Май,5,2,2020,Весна,Да,Нет
20200506,2020-05-06,6,Среда,19,Май,5,2,2020,Весна,Да,Нет
20200507,2020-05-07,7,Четверг,19,Май,5,2,2020,Весна,Да,Нет
20200508,2020-05-08,8,Пятница,19,Май,5,2,2020,Весна,Да,Нет
20200509,2020-05-09,9,Суббота,19,Май,5,2,2020,Весна,Нет,Да
20200510,2020-05-10,10,Воскресенье,19,Май,5,2,2020,Весна,Нет,Нет
20200511,2020-05-11,11,Понедельник,20,Май,5,2,2020,Весна,Да,Нет
20200512,2020-05-12,12,Вторник,20,Май,5,2,2020,Весна,Да,Нет
20200513,2020-05-13,13,Среда,20,Май,5,2,2020,Весна,Да,Нет
20200514,2020-05-14,14,Четверг,20,Май,5,2,2020,Весна,Да,Нет
20200515,2020-05-15,15,Пятница,20,Май,5,2,2020,Весна,Да,Нет
20200516,2020-05-16,16,Суббота,20,Май,5,2,2020,Весна,Нет,Нет
20200517,2020-05-17,17,Воскресенье,20,Май,5,2,2020,Весна,Нет,Нет
20200518,2020-05-18,18,Понедельник,21,Май,5,2,2020,Весна,Да,Нет
20200519,2020-05-19,19,Вторник,21,Май,5,2,2020,Весна,Да,Нет
20200520,2020-05-20,20,Среда,21,Май,5,2,2020,Весна,Да,Нет
20200521,2020-05-21,21,Четверг,21,Май,5,2,2020,Весна,Да,Нет
20200522,2020-05-22,22,Пятница,21,Май,5,2,2020,Весна,Да,Нет
20200523,2020-05-23,23,Суббота,21,Май,5,2,2020,Весна,Нет,Нет
20200524,2020-05-24,24,Воскресенье,21,Май,5,2,2020,Весна,Нет,Нет
20200525,2020-05-25,25,Понедельник,22,Май,5,2,2020,Весна,Да,Нет
20200526,2020-05-26,26,Вторник,22,Май,5,2,2020,Весна,Да,Нет
20200527,2020-05-27,27,Среда,22,Май,5,2,2020,Весна,Да,Нет
20200528,2020-05-28,28,Четверг,22,Май,5,2,2020,Весна,Да,Нет
20200529,2020-05-29,29,Пятница,22,Май,5,2,2020,Весна,Да,Нет
20200530,2020-05-30,30,Суббота,22,Май,5,2,2020,Весна,Нет,Нет
20200531,2020-05-31,31,Воскресенье,22,Май,5,2,2020,Весна,Нет,Нет
20200601,2020-06-01,1,Понедельник,23,Июнь,6,2,2020,Лето,Да,Нет
20200602,2020-06-02,2,Вторник,23,Июнь,6,2,2020,Лето,Да,Нет
20200603,2020-06-03,3,Среда,23,Июнь,6,2,2020,Лето,Да,Нет
20200604,2020-06-04,4,Четверг,23,Июнь,6,2,2020,Лето,Да,Нет
20200605,2020-06-05,5,Пятница,23,Июнь,6,2,2020,Лето,Да,Нет
20200606,2020-06-06,6,Суббота,23,Июнь,6,2,2020,Лето,Нет,Нет
20200607,2020-06-07,7,Воскресенье,23,Июнь,6,2,2020,Лето,Нет,Нет
20200608,2020-06-08,8,Понедельник,24,Июнь,6,2,2020,Лето,Да,Нет
20200609,2020-06-09,9,Вторник,24,Июнь,6,2,2020,Лето,Да,Нет
20200610,2020-06-10,10,Среда,24,Июнь,6,2,2020,Лето,Да,Нет
20200611,2020-06-11,11,Четверг,24,Июнь,6,2,2020,Лето,Да,Нет
20200612,2020-06-12,12,Пятница,24,Июнь,6,2,2020,Лето,Да,Нет
20200613,2020-06-13,13,Суббота,24,Июнь,6,2,2020,Лето,Нет,Нет
20200614,2020-06-14,14,Воскресенье,24,Июнь,6,2,2020,Лето,Нет,Нет
20200615,2020-06-15,15,Понедельник,25,Июнь,6,2,2020,Лето,Да,Нет
20200616,2020-06-16,16,Вторник,25,Июнь,6,2,2020,Лето,Да,Нет
20200617,2020-06-17,17,Среда,25,Июнь,6,2,2020,Лето,Да,Нет
20200618,2020-06-18,18,Четверг,25,Июнь,6,2,2020,Лето,Да,Нет
20200619,2020-06-19,19,Пятница,25,Июнь,6,2,2020,Лето,Да,Нет
20200620,2020-06-20,20,Суббота,25,Июнь,6,2,2020,Лето,Нет,Нет
20200621,2020-06-21,21,Воскресенье,25,Июнь,6,2,2020,Лето,Нет,Нет
20200622,2020-06-22,22,Понедельник,26,Июнь,6,2,2020,Лето,Да,Нет
20200623,2020-06-23,23,Вторник,26,Июнь,6,2,2020,Лето,Да,Нет
20200624,2020-06-24,24,Среда,26,Июнь,6,2,2020,Лето,Да,Нет
20200625,2020-06-25,25,Четверг,26,Июнь,6,2,2020,Лето,Да,Нет
20200626,2020-06-26,26,Пятница,26,Июнь,6,2,2020,Лето,Да,Нет
20200627,2020-06-27,27,Суббота,26,Июнь,6,2,2020,Лето,Нет,Нет
20200628,2020-06-28,28,Воскресенье,26,Июнь,6,2,2020,Лето,Нет,Нет
20200629,2020-06-29,29,Понедельник,27,Июнь,6,2,2020,Лето,Да,Нет
20200630,2020-06-30,30,Вторник,27,Июнь,6,2,2020,Лето,Да,Нет
20200701,2020-07-01,1,Среда,27,Июль,7,3,2020,Лето,Да,Нет
20200702,2020-07-02,2,Четверг,27,Июль,7,3,2020,Лето,Да,Нет
20200703,2020-07-03,3,Пятница,27,Июль,7,3,2020,Лето,Да,Да
20200704,2020-07-04,4,Суббота,27,Июль,7,3,2020,Лето,Нет,Нет
20200705,2020-07-05,5,Воскресенье,27,Июль,7,3,2020,Лето,Нет,Нет
20200706,2020-07-06,6,Понедельник,28,Июль,7,3,2020,Лето,Да,Нет
20200707,2020-07-07,7,Вторник,28,Июль,7,3,2020,Лето,Да,Нет
20200708,2020-07-08,8,Среда,28,Июль,7,3,2020,Лето,Да,Нет
20200709,2020-07-09,9,Четверг,28,Июль,7,3,2020,Лето,Да,Нет
20200710,2020-07-10,10,Пятница,28,Июль,7,3,2020,Лето,Да,Нет
20200711,2020-07-11,11,Суббота,28,Июль,7,3,2020,Лето,Нет,Нет
20200712,2020-07-12,12,Воскресенье,28,Июль,7,3,2020,Лето,Нет,Нет
20200713,2020-07-13,13,Понедельник,29,Июль,7,3,2020,Лето,Да,Нет
20200714,2020-07-14,14,Вторник,29,Июль,7,3,2020,Лето,Да,Нет
20200715,2020-07-15,15,Среда,29,Июль,7,3,2020,Лето,Да,Нет
20200716,2020-07-16,16,Четверг,29,Июль,7,3,2020,Лето,Да,Нет
20200717,2020-07-17,17,Пятница,29,Июль,7,3,2020,Лето,Да,Нет
20200718,2020-07-18,18,Суббота,29,Июль,7,3,2020,Лето,Нет,Нет
20200719,2020-07-19,19,Воскресенье,29,Июль,7,3,2020,Лето,Нет,Нет
20200720,2020-07-20,20,Понедельник,30,Июль,7,3,2020,Лето,Да,Нет
20200721,2020-07-21,21,Вторник,30,Июль,7,3,2020,Лето,Да,Нет
20200722,2020-07-22,22,Среда,30,Июль,7,3,2020,Лето,Да,Нет
20200723,2020-07-23,23,Четверг,30,Июль,7,3,2020,Лето,Да,Нет
20200724,2020-07-24,24,Пятница,30,Июль,7,3,2020,Лето,Да,Нет
20200725,2020-07-25,25,Суббота,30,Июль,7,3,2020,Лето,Нет,Нет
20200726,2020-07-26,26,Воскресенье,30,Июль,7,3,2020,Лето,Нет,Нет
20200727,2020-07-27,27,Понедельник,31,Июль,7,3,2020,Лето,Да,Нет
20200728,2020-07-28,28,Вторник,31,Июль,7,3,2020,Лето,Да,Нет
20200729,2020-07-29,29,Среда,31,Июль,7,3,2020,Лето,Да,Нет
20200730,2020-07-30,30,Четверг,31,Июль,7,3,2020,Лето,Да,Нет
20200731,2020-07-31,31,Пятница,31,Июль,7,3,2020,Лето,Да,Нет
20200801,2020-08-01,1,Суббота,31,Август,8,3,2020,Лето,Нет,Нет
20200802,2020-08-02,2,Воскресенье,31,Август,8,3,2020,Лето,Нет,Нет
20200803,2020-08-03,3,Понедельник,32,Август,8,3,2020,Лето,Да,Нет
20200804,2020-08-04,4,Вторник,32,Август,8,3,2020,Лето,Да,Нет
20200805,2020-08-05,5,Среда,32,Август,8,3,2020,Лето,Да,Нет
20200806,2020-08-06,6,Четверг,32,Август,8,3,2020,Лето,Да,Нет
20200807,2020-08-07,7,Пятница,32,Август,8,3,2020,Лето,Да,Нет
20200808,2020-08-08,8,Суббота,32,Август,8,3,2020,Лето,Нет,Нет
20200809,2020-08-09,9,Воскресенье,32,Август,8,3,2020,Лето,Нет,Нет
20200810,2020-08-10,10,Понедельник,33,Август,8,3,2020,Лето,Да,Нет
20200811,2020-08-11,11,Вторник,33,Август,8,3,2020,Лето,Да,Нет
20200812,2020-08-12,12,Среда,33,Август,8,3,2020,Лето,Да,Нет
20200813,2020-08-13,13,Четверг,33,Август,8,3,2020,Лето,Да,Нет
20200814,2020-08-14,14,Пятница,33,Август,8,3,2020,Лето,Да,Нет
20200815,2020-08-15,15,Суббота,33,Август,8,3,2020,Лето,Нет,Нет
20200816,2020-08-16,16,Воскресенье,33,Август,8,3,2020,Лето,Нет,Нет
20200817,2020-08-17,17,Понедельник,34,Август,8,3,2020,Лето,Да,Нет
20200818,2020-08-18,18,Вторник,34,Август,8,3,2020,Лето,Да,Нет
20200819,2020-08-19,19,Среда,34,Август,8,3,2020,Лето,Да,Нет
20200820,2020-08-20,20,Четверг,34,Август,8,3,2020,Лето,Да,Нет
20200821,2020-08-21,21,Пятница,34,Август,8,3,2020,Лето,Да,Нет
20200822,2020-08-22,22,Суббота,34,Август,8,3,2020,Лето,Нет,Нет
20200823,2020-08-23,23,Воскресенье,34,Август,8,3,2020,Лето,Нет,Нет
20200824,2020-08-24,24,Понедельник,35,Август,8,3,2020,Лето,Да,Нет
20200825,2020-08-25,25,Вторник,35,Август,8,3,2020,Лето,Да,Нет
20200826,2020-08-26,26,Среда,35,Август,8,3,2020,Лето,Да,Нет
20200827,2020-08-27,27,Четверг,35,Август,8,3,2020,Лето,Да,Нет
20200828,2020-08-28,28,Пятница,35,Август,8,3,2020,Лето,Да,Нет
20200829,2020-08-29,29,Суббота,35,Август,8,3,2020,Лето,Нет,Нет
20200830,2020-08-30,30,Воскресенье,35,Август,8,3,2020,Лето,Нет,Нет
20200831,2020-08-31,31,Понедельник,36,Август,8,3,2020,Лето,Да,Нет
20200901,2020-09-01,1,Вторник,36,Сентябрь,9,3,2020,Осень,Да,Нет
20200902,2020-09-02,2,Среда,36,Сентябрь,9,3,2020,Осень,Да,Нет
20200903,2020-09-03,3,Четверг,36,Сентябрь,9,3,2020,Осень,Да,Нет
20200904,2020-09-04,4,Пятница,36,Сентябрь,9,3,2020,Осень,Да,Нет
20200905,2020-09-05,5,Суббота,36,Сентябрь,9,3,2020,Осень,Нет,Нет
20200906,2020-09-06,6,Воскресенье,36,Сентябрь,9,3,2020,Осень,Нет,Нет
20200907,2020-09-07,7,Понедельник,37,Сентябрь,9,3,2020,Осень,Да,Нет
20200908,2020-09-08,8,Вторник,37,Сентябрь,9,3,2020,Осень,Да,Нет
20200909,2020-09-09,9,Среда,37,Сентябрь,9,3,2020,Осень,Да,Нет
20200910,2020-09-10,10,Четверг,37,Сентябрь,9,3,2020,Осень,Да,Нет
20200911,2020-09-11,11,Пятница,37,Сентябрь,9,3,2020,Осень,Да,Нет
20200912,2020-09-12,12,Суббота,37,Сентябрь,9,3,2020,Осень,Нет,Нет
20200913,2020-09-13,13,Воскресенье,37,Сентябрь,9,3,2020,Осень,Нет,Нет
20200914,2020-09-14,14,Понедельник,38,Сентябрь,9,3,2020,Осень,Да,Нет
20200915,2020-09-15,15,Вторник,38,Сентябрь,9,3,2020,Осень,Да,Нет
20200916,2020-09-16,16,Среда,38,Сентябрь,9,3,2020,Осень,Да,Нет
20200917,2020-09-17,17,Четверг,38,Сентябрь,9,3,2020,Осень,Да,Нет
20200918,2020-09-18,18,Пятница,38,Сентябрь,9,3,2020,Осень,Да,Нет
20200919,2020-09-19,19,Суббота,38,Сентябрь,9,3,2020,Осень,Нет,Нет
20200920,2020-09-20,20,Воскресенье,38,Сентябрь,9,3,2020,Осень,Нет,Нет
20200921,2020-09-21,21,Понедельник,39,Сентябрь,9,3,2020,Осень,Да,Нет
20200922,2020-09-22,22,Вторник,39,Сентябрь,9,3,2020,Осень,Да,Нет
20200923,2020-09-23,23,Среда,39,Сентябрь,9,3,2020,Осень,Да,Нет
20200924,2020-09-24,24,Четверг,39,Сентябрь,9,3,2020,Осень,Да,Нет
20200925,2020-09-25,25,Пятница,39,Сентябрь,9,3,2020,Осень,Да,Нет
20200926,2020-09-26,26,Суббота,39,Сентябрь,9,3,2020,Осень,Нет,Нет
20200927,2020-09-27,27,Воскресенье,39,Сентябрь,9,3,2020,Осень,Нет,Нет
20200928,2020-09-28,28,Понедельник,40,Сентябрь,9,3,2020,Осень,Да,Нет
20200929,2020-09-29,29,Вторник,40,Сентябрь,9,3,2020,Осень,Да,Нет
20200930,2020-09-30,30,Среда,40,Сентябрь,9,3,2020,Осень,Да,Нет
20201001,2020-10-01,1,Четверг,40,Октябрь,10,4,2020,Осень,Да,Нет
20201002,2020-10-02,2,Пятница,40,Октябрь,10,4,2020,Осень,Да,Нет
20201003,2020-10-03,3,Суббота,40,Октябрь,10,4,2020,Осень,Нет,Нет
20201004,2020-10-04,4,Воскресенье,40,Октябрь,10,4,2020,Осень,Нет,Нет
20201005,2020-10-05,5,Понедельник,41,Октябрь,10,4,2020,Осень,Да,Нет
20201006,2020-10-06,6,Вторник,41,Октябрь,10,4,2020,Осень,Да,Нет
20201007,2020-10-07,7,Среда,41,Октябрь,10,4,2020,Осень,Да,Нет
20201008,2020-10-08,8,Четверг,41,Октябрь,10,4,2020,Осень,Да,Нет
20201009,2020-10-09,9,Пятница,41,Октябрь,10,4,2020,Осень,Да,Нет
20201010,2020-10-10,10,Суббота,41,Октябрь,10,4,2020,Осень,Нет,Нет
20201011,2020-10-11,11,Воскресенье,41,Октябрь,10,4,2020,Осень,Нет,Нет
20201012,2020-10-12,12,Понедельник,42,Октябрь,10,4,2020,Осень,Да,Нет
20201013,2020-10-13,13,Вторник,42,Октябрь,10,4,2020,Осень,Да,Нет
20201014,2020-10-14,14,Среда,42,Октябрь,10,4,2020,Осень,Да,Нет
20201015,2020-10-15,15,Четверг,42,Октябрь,10,4,2020,Осень,Да,Нет
20201016,2020-10-16,16,Пятница,42,Октябрь,10,4,2020,Осень,Да,Нет
20201017,2020-10-17,17,Суббота,42,Октябрь,10,4,2020,Осень,Нет,Нет
20201018,2020-10-18,18,Воскресенье,42,Октябрь,10,4,2020,Осень,Нет,Нет
20201019,2020-10-19,19,Понедельник,43,Октябрь,10,4,2020,Осень,Да,Нет
20201020,2020-10-20,20,Вторник,43,Октябрь,10,4,2020,Осень,Да,Нет
20201021,2020-10-21,21,Среда,43,Октябрь,10,4,2020,Осень,Да,Нет
20201022,2020-10-22,22,Четверг,43,Октябрь,10,4,2020,Осень,Да,Нет
20201023,2020-10-23,23,Пятница,43,Октябрь,10,4,2020,Осень,Да,Нет
20201024,2020-10-24,24,Суббота,43,Октябрь,10,4,2020,Осень,Нет,Нет
20201025,2020-10-25,25,Воскресенье,43,Октябрь,10,4,2020,Осень,Нет,Нет
20201026,2020-10-26,26,Понедельник,44,Октябрь,10,4,2020,Осень,Да,Нет
20201027,2020-10-27,27,Вторник,44,Октябрь,10,4,2020,Осень,Да,Нет
20201028,2020-10-28,28,Среда,44,Октябрь,10,4,2020,Осень,Да,Нет
20201029,2020-10-29,29,Четверг,44,Октябрь,10,4,2020,Осень,Да,Нет
20201030,2020-10-30,30,Пятница,44,Октябрь,10,4,2020,Осень,Да,Нет
20201031,2020-10-31,31,Суббота,44,Октябрь,10,4,2020,Осень,Нет,Нет
20201101,2020-11-01,1,Воскресенье,44,Ноябрь,11,4,2020,Осень,Нет,Нет
20201102,2020-11-02,2,Понедельник,45,Ноябрь,11,4,2020,Осень,Да,Нет
20201103,2020-11-03,3,Вторник,45,Ноябрь,11,4,2020,Осень,Да,Нет
20201104,2020-11-04,4,Среда,45,Ноябрь,11,4,2020,Осень,Да,Нет
20201105,2020-11-05,5,Четверг,45,Ноябрь,11,4,2020,Осень,Да,Нет
20201106,2020-11-06,6,Пятница,45,Ноябрь,11,4,2020,Осень,Да,Нет
20201107,2020-11-07,7,Суббота,45,Ноябрь,11,4,2020,Осень,Нет,Да
20201108,2020-11-08,8,Воскресенье,45,Ноябрь,11,4,2020,Осень,Нет,Нет
20201109,2020-11-09,9,Понедельник,46,Ноябрь,11,4,2020,Осень,Да,Нет
20201110,2020-11-10,10,Вторник,46,Ноябрь,11,4,2020,Осень,Да,Нет
20201111,2020-11-11,11,Среда,46,Ноябрь,11,4,2020,Осень,Да,Нет
20201112,2020-11-12,12,Четверг,46,Ноябрь,11,4,2020,Осень,Да,Нет
20201113,2020-11-13,13,Пятница,46,Ноябрь,11,4,2020,Осень,Да,Нет
20201114,2020-11-14,14,Суббота,46,Ноябрь,11,4,2020,Осень,Нет,Нет
20201115,2020-11-15,15,Воскресенье,46,Ноябрь,11,4,2020,Осень,Нет,Нет
20201116,2020-11-16,16,Понедельник,47,Ноябрь,11,4,2020,Осень,Да,Нет
20201117,2020-11-17,17,Вторник,47,Ноябрь,11,4,2020,Осень,Да,Нет
20201118,2020-11-18,18,Среда,47,Ноябрь,11,4,2020,Осень,Да,Нет
20201119,2020-11-19,19,Четверг,47,Ноябрь,11,4,2020,Осень,Да,Нет
20201120,2020-11-20,20,Пятница,47,Ноябрь,11,4,2020,Осень,Да,Нет
20201121,2020-11-21,21,Суббота,47,Ноябрь,11,4,2020,Осень,Нет,Нет
20201122,2020-11-22,22,Воскресенье,47,Ноябрь,11,4,2020,Осень,Нет,Нет
20201123,2020-11-23,23,Понедельник,48,Ноябрь,11,4,2020,Осень,Да,Нет
20201124,2020-11-24,24,Вторник,48,Ноябрь,11,4,2020,Осень,Да,Нет
20201125,2020-11-25,25,Среда,48,Ноябрь,11,4,2020,Осень,Да,Нет
20201126,2020-11-26,26,Четверг,48,Ноябрь,11,4,2020,Осень,Да,Нет
20201127,2020-11-27,27,Пятница,48,Ноябрь,11,4,2020,Осень,Да,Нет
20201128,2020-11-28,28,Суббота,48,Ноябрь,11,4,2020,Осень,Нет,Нет
20201129,2020-11-29,29,Воскресенье,48,Ноябрь,11,4,2020,Осень,Нет,Нет
20201130,2020-11-30,30,Понедельник,49,Ноябрь,11,4,2020,Осень,Да,Нет
20201201,2020-12-01,1,Вторник,49,Декабрь,12,4,2020,Зима,Да,Нет
20201202,2020-12-02,2,Среда,49,Декабрь,12,4,2020,Зима,Да,Нет
20201203,2020-12-03,3,Четверг,49,Декабрь,12,4,2020,Зима,Да,Нет
20201204,2020-12-04,4,Пятница,49,Декабрь,12,4,2020,Зима,Да,Нет
20201205,2020-12-05,5,Суббота,49,Декабрь,12,4,2020,Зима,Нет,Нет
20201206,2020-12-06,6,Воскресенье,49,Декабрь,12,4,2020,Зима,Нет,Нет
20201207,2020-12-07,7,Понедельник,50,Декабрь,12,4,2020,Зима,Да,Нет
20201208,2020-12-08,8,Вторник,50,Декабрь,12,4,2020,Зима,Да,Нет
20201209,2020-12-09,9,Среда,50,Декабрь,12,4,2020,Зима,Да,Нет
20201210,2020-12-10,10,Четверг,50,Декабрь,12,4,2020,Зима,Да,Нет
20201211,2020-12-11,11,Пятница,50,Декабрь,12,4,2020,Зима,Да,Нет
20201212,2020-12-12,12,Суббота,50,Декабрь,12,4,2020,Зима,Нет,Нет
20201213,2020-12-13,13,Воскресенье,50,Декабрь,12,4,2020,Зима,Нет,Нет
20201214,2020-12-14,14,Понедельник,51,Декабрь,12,4,2020,Зима,Да,Нет
20201215,2020-12-15,15,Вторник,51,Декабрь,12,4,2020,Зима,Да,Нет
20201216,2020-12-16,16,Среда,51,Декабрь,12,4,2020,Зима,Да,Нет
20201217,2020-12-17,17,Четверг,51,Декабрь,12,4,2020,Зима,Да,Нет
20201218,2020-12-18,18,Пятница,51,Декабрь,12,4,2020,Зима,Да,Нет
20201219,2020-12-19,19,Суббота,51,Декабрь,12,4,2020,Зима,Нет,Нет
20201220,2020-12-20,20,Воскресенье,51,Декабрь,12,4,2020,Зима,Нет,Нет
20201221,2020-12-21,21,Понедельник,52,Декабрь,12,4,2020,Зима,Да,Нет
20201222,2020-12-22,22,Вторник,52,Декабрь,12,4,2020,Зима,Да,Нет
20201223,2020-12-23,23,Среда,52,Декабрь,12,4,2020,Зима,Да,Нет
20201224,2020-12-24,24,Четверг,52,Декабрь,12,4,2020,Зима,Да,Нет
20201225,2020-12-25,25,Пятница,52,Декабрь,12,4,2020,Зима,Да,Да
20201226,2020-12-26,26,Суббота,52,Декабрь,12,4,2020,Зима,Нет,Нет
20201227,2020-12-27,27,Воскресенье,52,Декабрь,12,4,2020,Зима,Нет,Нет
20201228,2020-12-28,28,Понедельник,53,Декабрь,12,4,2020,Зима,Да,Нет
20201229,2020-12-29,29,Вторник,53,Декабрь,12,4,2020,Зима,Да,Нет
20201230,2020-12-30,30,Среда,53,Декабрь,12,4,2020,Зима,Да,Нет
20201231,2020-12-31,31,Четверг,53,Декабрь,12,4,2020,Зима,Да,Нет
20210101,2021-01-01,1,Пятница,53,Январь,1,1,2021,Зима,Да,Да
20210102,2021-01-02,2,Суббота,53,Январь,1,1,2021,Зима,Нет,Да
20210103,2021-01-03,3,Воскресенье,53,Январь,1,1,2021,Зима,Нет,Нет
20210104,2021-01-04,4,Понедельник,1,Январь,1,1,2021,Зима,Да,Нет
20210105,2021-01-05,5,Вторник,1,Январь,1,1,2021,Зима,Да,Нет
20210106,2021-01-06,6,Среда,1,Январь,1,1,2021,Зима,Да,Нет
20210107,2021-01-07,7,Четверг,1,Январь,1,1,2021,Зима,Да,Да
20210108,2021-01-08,8,Пятница,1,Январь,1,1,2021,Зима,Да,Нет
20210109,2021-01-09,9,Суббота,1,Январь,1,1,2021,Зима,Нет,Нет
20210110,2021-01-10,10,Воскресенье,1,Январь,1,1,2021,Зима,Нет,Нет
20210111,2021-01-11,11,Понедельник,2,Январь,1,1,2021,Зима,Да,Нет
20210112,2021-01-12,12,Вторник,2,Январь,1,1,2021,Зима,Да,Нет
20210113,2021-01-13,13,Среда,2,Январь,1,1,2021,Зима,Да,Нет
20210114,2021-01-14,14,Четверг,2,Январь,1,1,2021,Зима,Да,Нет
20210115,2021-01-15,15,Пятница,2,Январь,1,1,2021,Зима,Да,Нет
20210116,2021-01-16,16,Суббота,2,Январь,1,1,2021,Зима,Нет,Нет
20210117,2021-01-17,17,Воскресенье,2,Январь,1,1,2021,Зима,Нет,Нет
20210118,2021-01-18,18,Понедельник,3,Январь,1,1,2021,Зима,Да,Нет
20210119,2021-01-19,19,Вторник,3,Январь,1,1,2021,Зима,Да,Нет
20210120,2021-01-20,20,Среда,3,Январь,1,1,2021,Зима,Да,Нет
20210121,2021-01-21,21,Четверг,3,Январь,1,1,2021,Зима,Да,Нет
20210122,2021-01-22,22,Пятница,3,Январь,1,1,2021,Зима,Да,Нет
20210123,2021-01-23,23,Суббота,3,Январь,1,1,2021,Зима,Нет,Нет
20210124,2021-01-24,24,Воскресенье,3,Январь,1,1,2021,Зима,Нет,Нет
20210125,2021-01-25,25,Понедельник,4,Январь,1,1,2021,Зима,Да,Нет
20210126,2021-01-26,26,Вторник,4,Январь,1,1,2021,Зима,Да,Нет
20210127,2021-01-27,27,Среда,4,Январь,1,1,2021,Зима,Да,Нет
20210128,2021-01-28,28,Четверг,4,Январь,1,1,2021,Зима,Да,Нет
20210129,2021-01-29,29,Пятница,4,Январь,1,1,2021,Зима,Да,Нет
20210130,2021-01-30,30,Суббота,4,Январь,1,1,2021,Зима,Нет,Нет
20210131,2021-01-31,31,Воскресенье,4,Январь,1,1,2021,Зима,Нет,Нет
20210201,2021-02-01,1,Понедельник,5,Февраль,2,1,2021,Зима,Да,Нет
20210202,2021-02-02,2,Вторник,5,Февраль,2,1,2021,Зима,Да,Нет
20210203,2021-02-03,3,Среда,5,Февраль,2,1,2021,Зима,Да,Нет
20210204,2021-02-04,4,Четверг,5,Февраль,2,1,2021,Зима,Да,Нет
20210205,2021-02-05,5,Пятница,5,Февраль,2,1,2021,Зима,Да,Нет
20210206,2021-02-06,6,Суббота,5,Февраль,2,1,2021,Зима,Нет,Нет
20210207,2021-02-07,7,Воскресенье,5,Февраль,2,1,2021,Зима,Нет,Нет
20210208,2021-02-08,8,Понедельник,6,Февраль,2,1,2021,Зима,Да,Нет
20210209,2021-02-09,9,Вторник,6,Февраль,2,1,2021,Зима,Да,Нет
20210210,2021-02-10,10,Среда,6,Февраль,2,1,2021,Зима,Да,Нет
20210211,2021-02-11,11,Четверг,6,Февраль,2,1,2021,Зима,Да,Нет
20210212,2021-02-12,12,Пятница,6,Февраль,2,1,2021,Зима,Да,Нет
20210213,2021-02-13,13,Суббота,6,Февраль,2,1,2021,Зима,Нет,Нет
20210214,2021-02-14,14,Воскресенье,6,Февраль,2,1,2021,Зима,Нет,Нет
20210215,2021-02-15,15,Понедельник,7,Февраль,2,1,2021,Зима,Да,Нет
20210216,2021-02-16,16,Вторник,7,Февраль,2,1,2021,Зима,Да,Нет
20210217,2021-02-17,17,Среда,7,Февраль,2,1,2021,Зима,Да,Нет
20210218,2021-02-18,18,Четверг,7,Февраль,2,1,2021,Зима,Да,Нет
20210219,2021-02-19,19,Пятница,7,Февраль,2,1,2021,Зима,Да,Нет
20210220,2021-02-20,20,Суббота,7,Февраль,2,1,2021,Зима,Нет,Нет
20210221,2021-02-21,21,Воскресенье,7,Февраль,2,1,2021,Зима,Нет,Нет
20210222,2021-02-22,22,Понедельник,8,Февраль,2,1,2021,Зима,Да,Нет
20210223,2021-02-23,23,Вторник,8,Февраль,2,1,2021,Зима,Да,Нет
20210224,2021-02-24,24,Среда,8,Февраль,2,1,2021,Зима,Да,Нет
20210225,2021-02-25,25,Четверг,8,Февраль,2,1,2021,Зима,Да,Нет
20210226,2021-02-26,26,Пятница,8,Февраль,2,1,2021,Зима,Да,Нет
20210227,2021-02-27,27,Суббота,8,Февраль,2,1,2021,Зима,Нет,Нет
20210228,2021-02-28,28,Воскресенье,8,Февраль,2,1,2021,Зима,Нет,Нет
20210301,2021-03-01,1,Понедельник,9,Март,3,1,2021,Весна,Да,Нет
20210302,2021-03-02,2,Вторник,9,Март,3,1,2021,Весна,Да,Нет
20210303,2021-03-03,3,Среда,9,Март,3,1,2021,Весна,Да,Нет
20210304,2021-03-04,4,Четверг,9,Март,3,1,2021,Весна,Да,Нет
20210305,2021-03-05,5,Пятница,9,Март,3,1,2021,Весна,Да,Нет
20210306,2021-03-06,6,Суббота,9,Март,3,1,2021,Весна,Нет,Нет
20210307,2021-03-07,7,Воскресенье,9,Март,3,1,2021,Весна,Нет,Нет
20210308,2021-03-08,8,Понедельник,10,Март,3,1,2021,Весна,Да,Да
20210309,2021-03-09,9,Вторник,10,Март,3,1,2021,Весна,Да,Нет
20210310,2021-03-10,10,Среда,10,Март,3,1,2021,Весна,Да,Нет
20210311,2021-03-11,11,Четверг,10,Март,3,1,2021,Весна,Да,Нет
20210312,2021-03-12,12,Пятница,10,Март,3,1,2021,Весна,Да,Нет
20210313,2021-03-13,13,Суббота,10,Март,3,1,2021,Весна,Нет,Нет
20210314,2021-03-14,14,Воскресенье,10,Март,3,1,2021,Весна,Нет,Нет
20210315,2021-03-15,15,Понедельник,11,Март,3,1,2021,Весна,Да,Нет
20210316,2021-03-16,16,Вторник,11,Март,3,1,2021,Весна,Да,Нет
20210317,2021-03-17,17,Среда,11,Март,3,1,2021,Весна,Да,Нет
20210318,2021-03-18,18,Четверг,11,Март,3,1,2021,Весна,Да,Нет
20210319,2021-03-19,19,Пятница,11,Март,3,1,2021,Весна,Да,Нет
20210320,2021-03-20,20,Суббота,11,Март,3,1,2021,Весна,Нет,Нет
20210321,2021-03-21,21,Воскресенье,11,Март,3,1,2021,Весна,Нет,Нет
20210322,2021-03-22,22,Понедельник,12,Март,3,1,2021,Весна,Да,Нет
20210323,2021-03-23,23,Вторник,12,Март,3,1,2021,Весна,Да,Нет
20210324,2021-03-24,24,Среда,12,Март,3,1,2021,Весна,Да,Нет
20210325,2021-03-25,25,Четверг,12,Март,3,1,2021,Весна,Да,Нет
20210326,2021-03-26,26,Пятница,12,Март,3,1,2021,Весна,Да,Нет
20210327,2021-03-27,27,Суббота,12,Март,3,1,2021,Весна,Нет,Нет
20210328,2021-03-28,28,Воскресенье,12,Март,3,1,2021,Весна,Нет,Нет
20210329,2021-03-29,29,Понедельник,13,Март,3,1,2021,Весна,Да,Нет
20210330,2021-03-30,30,Вторник,13,Март,3,1,2021,Весна,Да,Нет
20210331,2021-03-31,31,Среда,13,Март,3,1,2021,Весна,Да,Нет
20210401,2021-04-01,1,Четверг,13,Апрель,4,2,2021,Весна,Да,Нет
20210402,2021-04-02,2,Пятница,13,Апрель,4,2,2021,Весна,Да,Нет
20210403,2021-04-03,3,Суббота,13,Апрель,4,2,2021,Весна,Нет,Нет
20210404,2021-04-04,4,Воскресенье,13,Апрель,4,2,2021,Весна,Нет,Нет
20210405,2021-04-05,5,Понедельник,14,Апрель,4,2,2021,Весна,Да,Нет
20210406,2021-04-06,6,Вторник,14,Апрель,4,2,2021,Весна,Да,Нет
20210407,2021-04-07,7,Среда,14,Апрель,4,2,2021,Весна,Да,Нет
20210408,2021-04-08,8,Четверг,14,Апрель,4,2,2021,Весна,Да,Нет
20210409,2021-04-09,9,Пятница,14,Апрель,4,2,2021,Весна,Да,Нет
20210410,2021-04-10,10,Суббота,14,Апрель,4,2,2021,Весна,Нет,Нет
20210411,2021-04-11,11,Воскресенье,14,Апрель,4,2,2021,Весна,Нет,Нет
20210412,2021-04-12,12,Понедельник,15,Апрель,4,2,2021,Весна,Да,Нет
20210413,2021-04-13,13,Вторник,15,Апрель,4,2,2021,Весна,Да,Нет
20210414,2021-04-14,14,Среда,15,Апрель,4,2,2021,Весна,Да,Нет
20210415,2021-04-15,15,Четверг,15,Апрель,4,2,2021,Весна,Да,Нет
20210416,2021-04-16,16,Пятница,15,Апрель,4,2,2021,Весна,Да,Нет
20210417,2021-04-17,17,Суббота,15,Апрель,4,2,2021,Весна,Нет,Нет
20210418,2021-04-18,18,Воскресенье,15,Апрель,4,2,2021,Весна,Нет,Нет
20210419,2021-04-19,19,Понедельник,16,Апрель,4,2,2021,Весна,Да,Нет
20210420,2021-04-20,20,Вторник,16,Апрель,4,2,2021,Весна,Да,Нет
20210421,2021-04-21,21,Среда,16,Апрель,4,2,2021,Весна,Да,Нет
20210422,2021-04-22,22,Четверг,16,Апрель,4,2,2021,Весна,Да,Нет
20210423,2021-04-23,23,Пятница,16,Апрель,4,2,2021,Весна,Да,Нет
20210424,2021-04-24,24,Суббота,16,Апрель,4,2,2021,Весна,Нет,Нет
20210425,2021-04-25,25,Воскресенье,16,Апрель,4,2,2021,Весна,Нет,Нет
20210426,2021-04-26,26,Понедельник,17,Апрель,4,2,2021,Весна,Да,Нет
20210427,2021-04-27,27,Вторник,17,Апрель,4,2,2021,Весна,Да,Нет
20210428,2021-04-28,28,Среда,17,Апрель,4,2,2021,Весна,Да,Нет
20210429,2021-04-29,29,Четверг,17,Апрель,4,2,2021,Весна,Да,Нет
20210430,2021-04-30,30,Пятница,17,Апрель,4,2,2021,Весна,Да,Нет
20210501,2021-05-01,1,Суббота,17,Май,5,2,2021,Весна,Нет,Да
20210502,2021-05-02,2,Воскресенье,17,Май,5,2,2021,Весна,Нет,Нет
20210503,2021-05-03,3,Понедельник,18,Май,5,2,2021,Весна,Да,Нет
20210504,2021-05-04,4,Вторник,18,Май,5,2,2021,Весна,Да,Нет
20210505,2021-05-05,5,Среда,18,Май,5,2,2021,Весна,Да,Нет
20210506,2021-05-06,6,Четверг,18,Май,5,2,2021,Весна,Да,Нет
20210507,2021-05-07,7,Пятница,18,Май,5,2,2021,Весна,Да,Нет
20210508,2021-05-08,8,Суббота,18,Май,5,2,2021,Весна,Нет,Нет
20210509,2021-05-09,9,Воскресенье,18,Май,5,2,2021,Весна,Нет,Да
20210510,2021-05-10,10,Понедельник,19,Май,5,2,2021,Весна,Да,Нет
20210511,2021-05-11,11,Вторник,19,Май,5,2,2021,Весна,Да,Нет
20210512,2021-05-12,12,Среда,19,Май,5,2,2021,Весна,Да,Нет
20210513,2021-05-13,13,Четверг,19,Май,5,2,2021,Весна,Да,Нет
20210514,2021-05-14,14,Пятница,19,Май,5,2,2021,Весна,Да,Нет
20210515,2021-05-15,15,Суббота,19,Май,5,2,2021,Весна,Нет,Нет
20210516,2021-05-16,16,Воскресенье,19,Май,5,2,2021,Весна,Нет,Нет
20210517,2021-05-17,17,Понедельник,20,Май,5,2,2021,Весна,Да,Нет
20210518,2021-05-18,18,Вторник,20,Май,5,2,2021,Весна,Да,Нет
20210519,2021-05-19,19,Среда,20,Май,5,2,2021,Весна,Да,Нет
20210520,2021-05-20,20,Четверг,20,Май,5,2,2021,Весна,Да,Нет
20210521,2021-05-21,21,Пятница,20,Май,5,2,2021,Весна,Да,Нет
20210522,2021-05-22,22,Суббота,20,Май,5,2,2021,Весна,Нет,Нет
20210523,2021-05-23,23,Воскресенье,20,Май,5,2,2021,Весна,Нет,Нет
20210524,2021-05-24,24,Понедельник,21,Май,5,2,2021,Весна,Да,Нет
20210525,2021-05-25,25,Вторник,21,Май,5,2,2021,Весна,Да,Нет
20210526,2021-05-26,26,Среда,21,Май,5,2,2021,Весна,Да,Нет
20210527,2021-05-27,27,Четверг,21,Май,5,2,2021,Весна,Да,Нет
20210528,2021-05-28,28,Пятница,21,Май,5,2,2021,Весна,Да,Нет
20210529,2021-05-29,29,Суббота,21,Май,5,2,2021,Весна,Нет,Нет
20210530,2021-05-30,30,Воскресенье,21,Май,5,2,2021,Весна,Нет,Нет
20210531,2021-05-31,31,Понедельник,22,Май,5,2,2021,Весна,Да,Нет
20210601,2021-06-01,1,Вторник,22,Июнь,6,2,2021,Лето,Да,Нет
20210602,2021-06-02,2,Среда,22,Июнь,6,2,2021,Лето,Да,Нет
20210603,2021-06-03,3,Четверг,22,Июнь,6,2,2021,Лето,Да,Нет
20210604,2021-06-04,4,Пятница,22,Июнь,6,2,2021,Лето,Да,Нет
20210605,2021-06-05,5,Суббота,22,Июнь,6,2,2021,Лето,Нет,Нет
20210606,2021-06-06,6,Воскресенье,22,Июнь,6,2,2021,Лето,Нет,Нет
20210607,2021-06-07,7,Понедельник,23,Июнь,6,2,2021,Лето,Да,Нет
20210608,2021-06-08,8,Вторник,23,Июнь,6,2,2021,Лето,Да,Нет
20210609,2021-06-09,9,Среда,23,Июнь,6,2,2021,Лето,Да,Нет
20210610,2021-06-10,10,Четверг,23,Июнь,6,2,2021,Лето,Да,Нет
20210611,2021-06-11,11,Пятница,23,Июнь,6,2,2021,Лето,Да,Нет
20210612,2021-06-12,12,Суббота,23,Июнь,6,2,2021,Лето,Нет,Нет
20210613,2021-06-13,13,Воскресенье,23,Июнь,6,2,2021,Лето,Нет,Нет
20210614,2021-06-14,14,Понедельник,24,Июнь,6,2,2021,Лето,Да,Нет
20210615,2021-06-15,15,Вторник,24,Июнь,6,2,2021,Лето,Да,Нет
20210616,2021-06-16,16,Среда,24,Июнь,6,2,2021,Лето,Да,Нет
20210617,2021-06-17,17,Четверг,24,Июнь,6,2,2021,Лето,Да,Нет
20210618,2021-06-18,18,Пятница,24,Июнь,6,2,2021,Лето,Да,Нет
20210619,2021-06-19,19,Суббота,24,Июнь,6,2,2021,Лето,Нет,Нет
20210620,2021-06-20,20,Воскресенье,24,Июнь,6,2,2021,Лето,Нет,Нет
20210621,2021-06-21,21,Понедельник,25,Июнь,6,2,2021,Лето,Да,Нет
20210622,2021-06-22,22,Вторник,25,Июнь,6,2,2021,Лето,Да,Нет
20210623,2021-06-23,23,Среда,25,Июнь,6,2,2021,Лето,Да,Нет
20210624,2021-06-24,24,Четверг,25,Июнь,6,2,2021,Лето,Да,Нет
20210625,2021-06-25,25,Пятница,25,Июнь,6,2,2021,Лето,Да,Нет
20210626,2021-06-26,26,Суббота,25,Июнь,6,2,2021,Лето,Нет,Нет
20210627,2021-06-27,27,Воскресенье,25,Июнь,6,2,2021,Лето,Нет,Нет
20210628,2021-06-28,28,Понедельник,26,Июнь,6,2,2021,Лето,Да,Нет
20210629,2021-06-29,29,Вторник,26,Июнь,6,2,2021,Лето,Да,Нет
20210630,2021-06-30,30,Среда,26,Июнь,6,2,2021,Лето,Да,Нет
20210701,2021-07-01,1,Четверг,26,Июль,7,3,2021,Лето,Да,Нет
20210702,2021-07-02,2,Пятница,26,Июль,7,3,2021,Лето,Да,Нет
20210703,2021-07-03,3,Суббота,26,Июль,7,3,2021,Лето,Нет,Да
20210704,2021-07-04,4,Воскресенье,26,Июль,7,3,2021,Лето,Нет,Нет
20210705,2021-07-05,5,Понедельник,27,Июль,7,3,2021,Лето,Да,Нет
20210706,2021-07-06,6,Вторник,27,Июль,7,3,2021,Лето,Да,Нет
20210707,2021-07-07,7,Среда,27,Июль,7,3,2021,Лето,Да,Нет
20210708,2021-07-08,8,Четверг,27,Июль,7,3,2021,Лето,Да,Нет
20210709,2021-07-09,9,Пятница,27,Июль,7,3,2021,Лето,Да,Нет
20210710,2021-07-10,10,Суббота,27,Июль,7,3,2021,Лето,Нет,Нет
20210711,2021-07-11,11,Воскресенье,27,Июль,7,3,2021,Лето,Нет,Нет
20210712,2021-07-12,12,Понедельник,28,Июль,7,3,2021,Лето,Да,Нет
20210713,2021-07-13,13,Вторник,28,Июль,7,3,2021,Лето,Да,Нет
20210714,2021-07-14,14,Среда,28,Июль,7,3,2021,Лето,Да,Нет
20210715,2021-07-15,15,Четверг,28,Июль,7,3,2021,Лето,Да,Нет
20210716,2021-07-16,16,Пятница,28,Июль,7,3,2021,Лето,Да,Нет
20210717,2021-07-17,17,Суббота,28,Июль,7,3,2021,Лето,Нет,Нет
20210718,2021-07-18,18,Воскресенье,28,Июль,7,3,2021,Лето,Нет,Нет
20210719,2021-07-19,19,Понедельник,29,Июль,7,3,2021,Лето,Да,Нет
20210720,2021-07-20,20,Вторник,29,Июль,7,3,2021,Лето,Да,Нет
20210721,2021-07-21,21,Среда,29,Июль,7,3,2021,Лето,Да,Нет
20210722,2021-07-22,22,Четверг,29,Июль,7,3,2021,Лето,Да,Нет
20210723,2021-07-23,23,Пятница,29,Июль,7,3,2021,Лето,Да,Нет
20210724,2021-07-24,24,Суббота,29,Июль,7,3,2021,Лето,Нет,Нет
20210725,2021-07-25,25,Воскресенье,29,Июль,7,3,2021,Лето,Нет,Нет
20210726,2021-07-26,26,Понедельник,30,Июль,7,3,2021,Лето,Да,Нет
20210727,2021-07-27,27,Вторник,30,Июль,7,3,2021,Лето,Да,Нет
20210728,2021-07-28,28,Среда,30,Июль,7,3,2021,Лето,Да,Нет
20210729,2021-07-29,29,Четверг,30,Июль,7,3,2021,Лето,Да,Нет
20210730,2021-07-30,30,Пятница,30,Июль,7,3,2021,Лето,Да,Нет
20210731,2021-07-31,31,Суббота,30,Июль,7,3,2021,Лето,Нет,Нет
20210801,2021-08-01,1,Воскресенье,30,Август,8,3,2021,Лето,Нет,Нет
20210802,2021-08-02,2,Понедельник,31,Август,8,3,2021,Лето,Да,Нет
20210803,2021-08-03,3,Вторник,31,Август,8,3,2021,Лето,Да,Нет
20210804,2021-08-04,4,Среда,31,Август,8,3,2021,Лето,Да,Нет
20210805,2021-08-05,5,Четверг,31,Август,8,3,2021,Лето,Да,Нет
20210806,2021-08-06,6,Пятница,31,Август,8,3,2021,Лето,Да,Нет
20210807,2021-08-07,7,Суббота,31,Август,8,3,2021,Лето,Нет,Нет
20210808,2021-08-08,8,Воскресенье,31,Август,8,3,2021,Лето,Нет,Нет
20210809,2021-08-09,9,Понедельник,32,Август,8,3,2021,Лето,Да,Нет
20210810,2021-08-10,10,Вторник,32,Август,8,3,2021,Лето,Да,Нет
20210811,2021-08-11,11,Среда,32,Август,8,3,2021,Лето,Да,Нет
20210812,2021-08-12,12,Четверг,32,Август,8,3,2021,Лето,Да,Нет
20210813,2021-08-13,13,Пятница,32,Август,8,3,2021,Лето,Да,Нет
20210814,2021-08-14,14,Суббота,32,Август,8,3,2021,Лето,Нет,Нет
20210815,2021-08-15,15,Воскресенье,32,Август,8,3,2021,Лето,Нет,Нет
20210816,2021-08-16,16,Понедельник,33,Август,8,3,2021,Лето,Да,Нет
20210817,2021-08-17,17,Вторник,33,Август,8,3,2021,Лето,Да,Нет
20210818,2021-08-18,18,Среда,33,Август,8,3,2021,Лето,Да,Нет
20210819,2021-08-19,19,Четверг,33,Август,8,3,2021,Лето,Да,Нет
20210820,2021-08-20,20,Пятница,33,Август,8,3,2021,Лето,Да,Нет
20210821,2021-08-21,21,Суббота,33,Август,8,3,2021,Лето,Нет,Нет
20210822,2021-08-22,22,Воскресенье,33,Август,8,3,2021,Лето,Нет,Нет
20210823,2021-08-23,23,Понедельник,34,Август,8,3,2021,Лето,Да,Нет
20210824,2021-08-24,24,Вторник,34,Август,8,3,2021,Лето,Да,Нет
20210825,2021-08-25,25,Среда,34,Август,8,3,2021,Лето,Да,Нет
20210826,2021-08-26,26,Четверг,34,Август,8,3,2021,Лето,Да,Нет
20210827,2021-08-27,27,Пятница,34,Август,8,3,2021,Лето,Да,Нет
20210828,2021-08-28,28,Суббота,34,Август,8,3,2021,Лето,Нет,Нет
20210829,2021-08-29,29,Воскресенье,34,Август,8,3,2021,Лето,Нет,Нет
20210830,2021-08-30,30,Понедельник,35,Август,8,3,2021,Лето,Да,Нет
20210831,2021-08-31,31,Вторник,35,Август,8,3,2021,Лето,Да,Нет
20210901,2021-09-01,1,Среда,35,Сентябрь,9,3,2021,Осень,Да,Нет
20210902,2021-09-02,2,Четверг,35,Сентябрь,9,3,2021,Осень,Да,Нет
20210903,2021-09-03,3,Пятница,35,Сентябрь,9,3,2021,Осень,Да,Нет
20210904,2021-09-04,4,Суббота,35,Сентябрь,9,3,2021,Осень,Нет,Нет
20210905,2021-09-05,5,Воскресенье,35,Сентябрь,9,3,2021,Осень,Нет,Нет
20210906,2021-09-06,6,Понедельник,36,Сентябрь,9,3,2021,Осень,Да,Нет
20210907,2021-09-07,7,Вторник,36,Сентябрь,9,3,2021,Осень,Да,Нет
20210908,2021-09-08,8,Среда,36,Сентябрь,9,3,2021,Осень,Да,Нет
20210909,2021-09-09,9,Четверг,36,Сентябрь,9,3,2021,Осень,Да,Нет
20210910,2021-09-10,10,Пятница,36,Сентябрь,9,3,2021,Осень,Да,Нет
20210911,2021-09-11,11,Суббота,36,Сентябрь,9,3,2021,Осень,Нет,Нет
20210912,2021-09-12,12,Воскресенье,36,Сентябрь,9,3,2021,Осень,Нет,Нет
20210913,2021-09-13,13,Понедельник,37,Сентябрь,9,3,2021,Осень,Да,Нет
20210914,2021-09-14,14,Вторник,37,Сентябрь,9,3,2021,Осень,Да,Нет
20210915,2021-09-15,15,Среда,37,Сентябрь,9,3,2021,Осень,Да,Нет
20210916,2021-09-16,16,Четверг,37,Сентябрь,9,3,2021,Осень,Да,Нет
20210917,2021-09-17,17,Пятница,37,Сентябрь,9,3,2021,Осень,Да,Нет
20210918,2021-09-18,18,Суббота,37,Сентябрь,9,3,2021,Осень,Нет,Нет
20210919,2021-09-19,19,Воскресенье,37,Сентябрь,9,3,2021,Осень,Нет,Нет
20210920,2021-09-20,20,Понедельник,38,Сентябрь,9,3,2021,Осень,Да,Нет
20210921,2021-09-21,21,Вторник,38,Сентябрь,9,3,2021,Осень,Да,Нет
20210922,2021-09-22,22,Среда,38,Сентябрь,9,3,2021,Осень,Да,Нет
20210923,2021-09-23,23,Четверг,38,Сентябрь,9,3,2021,Осень,Да,Нет
20210924,2021-09-24,24,Пятница,38,Сентябрь,9,3,2021,Осень,Да,Нет
20210925,2021-09-25,25,Суббота,38,Сентябрь,9,3,2021,Осень,Нет,Нет
20210926,2021-09-26,26,Воскресенье,38,Сентябрь,9,3,2021,Осень,Нет,Нет
20210927,2021-09-27,27,Понедельник,39,Сентябрь,9,3,2021,Осень,Да,Нет
20210928,2021-09-28,28,Вторник,39,Сентябрь,9,3,2021,Осень,Да,Нет
20210929,2021-09-29,29,Среда,39,Сентябрь,9,3,2021,Осень,Да,Нет
20210930,2021-09-30,30,Четверг,39,Сентябрь,9,3,2021,Осень,Да,Нет
20211001,2021-10-01,1,Пятница,39,Октябрь,10,4,2021,Осень,Да,Нет
20211002,2021-10-02,2,Суббота,39,Октябрь,10,4,2021,Осень,Нет,Нет
20211003,2021-10-03,3,Воскресенье,39,Октябрь,10,4,2021,Осень,Нет,Нет
20211004,2021-10-04,4,Понедельник,40,Октябрь,10,4,2021,Осень,Да,Нет
20211005,2021-10-05,5,Вторник,40,Октябрь,10,4,2021,Осень,Да,Нет
20211006,2021-10-06,6,Среда,40,Октябрь,10,4,2021,Осень,Да,Нет
20211007,2021-10-07,7,Четверг,40,Октябрь,10,4,2021,Осень,Да,Нет
20211008,2021-10-08,8,Пятница,40,Октябрь,10,4,2021,Осень,Да,Нет
20211009,2021-10-09,9,Суббота,40,Октябрь,10,4,2021,Осень,Нет,Нет
20211010,2021-10-10,10,Воскресенье,40,Октябрь,10,4,2021,Осень,Нет,Нет
20211011,2021-10-11,11,Понедельник,41,Октябрь,10,4,2021,Осень,Да,Нет
20211012,2021-10-12,12,Вторник,41,Октябрь,10,4,2021,Осень,Да,Нет
20211013,2021-10-13,13,Среда,41,Октябрь,10,4,2021,Осень,Да,Нет
20211014,2021-10-14,14,Четверг,41,Октябрь,10,4,2021,Осень,Да,Нет
20211015,2021-10-15,15,Пятница,41,Октябрь,10,4,2021,Осень,Да,Нет
20211016,2021-10-16,16,Суббота,41,Октябрь,10,4,2021,Осень,Нет,Нет
20211017,2021-10-17,17,Воскресенье,41,Октябрь,10,4,2021,Осень,Нет,Нет
20211018,2021-10-18,18,Понедельник,42,Октябрь,10,4,2021,Осень,Да,Нет
20211019,2021-10-19,19,Вторник,42,Октябрь,10,4,2021,Осень,Да,Нет
20211020,2021-10-20,20,Среда,42,Октябрь,10,4,2021,Осень,Да,Нет
20211021,2021-10-21,21,Четверг,42,Октябрь,10,4,2021,Осень,Да,Нет
20211022,2021-10-22,22,Пятница,42,Октябрь,10,4,2021,Осень,Да,Нет
20211023,2021-10-23,23,Суббота,42,Октябрь,10,4,2021,Осень,Нет,Нет
20211024,2021-10-24,24,Воскресенье,42,Октябрь,10,4,2021,Осень,Нет,Нет
20211025,2021-10-25,25,Понедельник,43,Октябрь,10,4,2021,Осень,Да,Нет
20211026,2021-10-26,26,Вторник,43,Октябрь,10,4,2021,Осень,Да,Нет
20211027,2021-10-27,27,Среда,43,Октябрь,10,4,2021,Осень,Да,Нет
20211028,2021-10-28,28,Четверг,43,Октябрь,10,4,2021,Осень,Да,Нет
20211029,2021-10-29,29,Пятница,43,Октябрь,10,4,2021,Осень,Да,Нет
20211030,2021-10-30,30,Суббота,43,Октябрь,10,4,2021,Осень,Нет,Нет
20211031,2021-10-31,31,Воскресенье,43,Октябрь,10,4,2021,Осень,Нет,Нет
20211101,2021-11-01,1,Понедельник,44,Ноябрь,11,4,2021,Осень,Да,Нет
20211102,2021-11-02,2,Вторник,44,Ноябрь,11,4,2021,Осень,Да,Нет
20211103,2021-11-03,3,Среда,44,Ноябрь,11,4,2021,Осень,Да,Нет
20211104,2021-11-04,4,Четверг,44,Ноябрь,11,4,2021,Осень,Да,Нет
20211105,2021-11-05,5,Пятница,44,Ноябрь,11,4,2021,Осень,Да,Нет
20211106,2021-11-06,6,Суббота,44,Ноябрь,11,4,2021,Осень,Нет,Нет
20211107,2021-11-07,7,Воскресенье,44,Ноябрь,11,4,2021,Осень,Нет,Да
20211108,2021-11-08,8,Понедельник,45,Ноябрь,11,4,2021,Осень,Да,Нет
20211109,2021-11-09,9,Вторник,45,Ноябрь,11,4,2021,Осень,Да,Нет
20211110,2021-11-10,10,Среда,45,Ноябрь,11,4,2021,Осень,Да,Нет
20211111,2021-11-11,11,Четверг,45,Ноябрь,11,4,2021,Осень,Да,Нет
20211112,2021-11-12,12,Пятница,45,Ноябрь,11,4,2021,Осень,Да,Нет
20211113,2021-11-13,13,Суббота,45,Ноябрь,11,4,2021,Осень,Нет,Нет
20211114,2021-11-14,14,Воскресенье,45,Ноябрь,11,4,2021,Осень,Нет,Нет
20211115,2021-11-15,15,Понедельник,46,Ноябрь,11,4,2021,Осень,Да,Нет
20211116,2021-11-16,16,Вторник,46,Ноябрь,11,4,2021,Осень,Да,Нет
20211117,2021-11-17,17,Среда,46,Ноябрь,11,4,2021,Осень,Да,Нет
20211118,2021-11-18,18,Четверг,46,Ноябрь,11,4,2021,Осень,Да,Нет
20211119,2021-11-19,19,Пятница,46,Ноябрь,11,4,2021,Осень,Да,Нет
20211120,2021-11-20,20,Суббота,46,Ноябрь,11,4,2021,Осень,Нет,Нет
20211121,2021-11-21,21,Воскресенье,46,Ноябрь,11,4,2021,Осень,Нет,Нет
20211122,2021-11-22,22,Понедельник,47,Ноябрь,11,4,2021,Осень,Да,Нет
20211123,2021-11-23,23,Вторник,47,Ноябрь,11,4,2021,Осень,Да,Нет
20211124,2021-11-24,24,Среда,47,Ноябрь,11,4,2021,Осень,Да,Нет
20211125,2021-11-25,25,Четверг,47,Ноябрь,11,4,2021,Осень,Да,Нет
20211126,2021-11-26,26,Пятница,47,Ноябрь,11,4,2021,Осень,Да,Нет
20211127,2021-11-27,27,Суббота,47,Ноябрь,11,4,2021,Осень,Нет,Нет
20211128,2021-11-28,28,Воскресенье,47,Ноябрь,11,4,2021,Осень,Нет,Нет
20211129,2021-11-29,29,Понедельник,48,Ноябрь,11,4,2021,Осень,Да,Нет
20211130,2021-11-30,30,Вторник,48,Ноябрь,11,4,2021,Осень,Да,Нет
20211201,2021-12-01,1,Среда,48,Декабрь,12,4,2021,Зима,Да,Нет
20211202,2021-12-02,2,Четверг,48,Декабрь,12,4,2021,Зима,Да,Нет
20211203,2021-12-03,3,Пятница,48,Декабрь,12,4,2021,Зима,Да,Нет
20211204,2021-12-04,4,Суббота,48,Декабрь,12,4,2021,Зима,Нет,Нет
20211205,2021-12-05,5,Воскресенье,48,Декабрь,12,4,2021,Зима,Нет,Нет
20211206,2021-12-06,6,Понедельник,49,Декабрь,12,4,2021,Зима,Да,Нет
20211207,2021-12-07,7,Вторник,49,Декабрь,12,4,2021,Зима,Да,Нет
20211208,2021-12-08,8,Среда,49,Декабрь,12,4,2021,Зима,Да,Нет
20211209,2021-12-09,9,Четверг,49,Декабрь,12,4,2021,Зима,Да,Нет
20211210,2021-12-10,10,Пятница,49,Декабрь,12,4,2021,Зима,Да,Нет
20211211,2021-12-11,11,Суббота,49,Декабрь,12,4,2021,Зима,Нет,Нет
20211212,2021-12-12,12,Воскресенье,49,Декабрь,12,4,2021,Зима,Нет,Нет
20211213,2021-12-13,13,Понедельник,50,Декабрь,12,4,2021,Зима,Да,Нет
20211214,2021-12-14,14,Вторник,50,Декабрь,12,4,2021,Зима,Да,Нет
20211215,2021-12-15,15,Среда,50,Декабрь,12,4,2021,Зима,Да,Нет
20211216,2021-12-16,16,Четверг,50,Декабрь,12,4,2021,Зима,Да,Нет
20211217,2021-12-17,17,Пятница,50,Декабрь,12,4,2021,Зима,Да,Нет
20211218,2021-12-18,18,Суббота,50,Декабрь,12,4,2021,Зима,Нет,Нет
20211219,2021-12-19,19,Воскресенье,50,Декабрь,12,4,2021,Зима,Нет,Нет
20211220,2021-12-20,20,Понедельник,51,Декабрь,12,4,2021,Зима,Да,Нет
20211221,2021-12-21,21,Вторник,51,Декабрь,12,4,2021,Зима,Да,Нет
20211222,2021-12-22,22,Среда,51,Декабрь,12,4,2021,Зима,Да,Нет
20211223,2021-12-23,23,Четверг,51,Декабрь,12,4,2021,Зима,Да,Нет
20211224,2021-12-24,24,Пятница,51,Декабрь,12,4,2021,Зима,Да,Нет
20211225,2021-12-25,25,Суббота,51,Декабрь,12,4,2021,Зима,Нет,Да
20211226,2021-12-26,26,Воскресенье,51,Декабрь,12,4,2021,Зима,Нет,Нет
20211227,2021-12-27,27,Понедельник,52,Декабрь,12,4,2021,Зима,Да,Нет
20211228,2021-12-28,28,Вторник,52,Декабрь,12,4,2021,Зима,Да,Нет
20211229,2021-12-29,29,Среда,52,Декабрь,12,4,2021,Зима,Да,Нет
20211230,2021-12-30,30,Четверг,52,Декабрь,12,4,2021,Зима,Да,Нет
20211231,2021-12-31,31,Пятница,52,Декабрь,12,4,2021,Зима,Да,Нет
20220101,2022-01-01,1,Суббота,52,Январь,1,1,2022,Зима,Нет,Да
20220102,2022-01-02,2,Воскресенье,52,Январь,1,1,2022,Зима,Нет,Да
20220103,2022-01-03,3,Понедельник,1,Январь,1,1,2022,Зима,Да,Нет
20220104,2022-01-04,4,Вторник,1,Январь,1,1,2022,Зима,Да,Нет
20220105,2022-01-05,5,Среда,1,Январь,1,1,2022,Зима,Да,Нет
20220106,2022-01-06,6,Четверг,1,Январь,1,1,2022,Зима,Да,Нет
20220107,2022-01-07,7,Пятница,1,Январь,1,1,2022,Зима,Да,Да
20220108,2022-01-08,8,Суббота,1,Январь,1,1,2022,Зима,Нет,Нет
20220109,2022-01-09,9,Воскресенье,1,Январь,1,1,2022,Зима,Нет,Нет
20220110,2022-01-10,10,Понедельник,2,Январь,1,1,2022,Зима,Да,Нет
20220111,2022-01-11,11,Вторник,2,Январь,1,1,2022,Зима,Да,Нет
20220112,2022-01-12,12,Среда,2,Январь,1,1,2022,Зима,Да,Нет
20220113,2022-01-13,13,Четверг,2,Январь,1,1,2022,Зима,Да,Нет
20220114,2022-01-14,14,Пятница,2,Январь,1,1,2022,Зима,Да,Нет
20220115,2022-01-15,15,Суббота,2,Январь,1,1,2022,Зима,Нет,Нет
20220116,2022-01-16,16,Воскресенье,2,Январь,1,1,2022,Зима,Нет,Нет
20220117,2022-01-17,17,Понедельник,3,Январь,1,1,2022,Зима,Да,Нет
20220118,2022-01-18,18,Вторник,3,Январь,1,1,2022,Зима,Да,Нет
20220119,2022-01-19,19,Среда,3,Январь,1,1,2022,Зима,Да,Нет
20220120,2022-01-20,20,Четверг,3,Январь,1,1,2022,Зима,Да,Нет
20220121,2022-01-21,21,Пятница,3,Январь,1,1,2022,Зима,Да,Нет
20220122,2022-01-22,22,Суббота,3,Январь,1,1,2022,Зима,Нет,Нет
20220123,2022-01-23,23,Воскресенье,3,Январь,1,1,2022,Зима,Нет,Нет
20220124,2022-01-24,24,Понедельник,4,Январь,1,1,2022,Зима,Да,Нет
20220125,2022-01-25,25,Вторник,4,Январь,1,1,2022,Зима,Да,Нет
20220126,2022-01-26,26,Среда,4,Январь,1,1,2022,Зима,Да,Нет
20220127,2022-01-27,27,Четверг,4,Январь,1,1,2022,Зима,Да,Нет
20220128,2022-01-28,28,Пятница,4,Январь,1,1,2022,Зима,Да,Нет
20220129,2022-01-29,29,Суббота,4,Январь,1,1,2022,Зима,Нет,Нет
20220130,2022-01-30,30,Воскресенье,4,Январь,1,1,2022,Зима,Нет,Нет
20220131,2022-01-31,31,Понедельник,5,Январь,1,1,2022,Зима,Да,Нет
20220201,2022-02-01,1,Вторник,5,Февраль,2,1,2022,Зима,Да,Нет
20220202,2022-02-02,2,Среда,5,Февраль,2,1,2022,Зима,Да,Нет
20220203,2022-02-03,3,Четверг,5,Февраль,2,1,2022,Зима,Да,Нет
20220204,2022-02-04,4,Пятница,5,Февраль,2,1,2022,Зима,Да,Нет
20220205,2022-02-05,5,Суббота,5,Февраль,2,1,2022,Зима,Нет,Нет
20220206,2022-02-06,6,Воскресенье,5,Февраль,2,1,2022,Зима,Нет,Нет
20220207,2022-02-07,7,Понедельник,6,Февраль,2,1,2022,Зима,Да,Нет
20220208,2022-02-08,8,Вторник,6,Февраль,2,1,2022,Зима,Да,Нет
20220209,2022-02-09,9,Среда,6,Февраль,2,1,2022,Зима,Да,Нет
20220210,2022-02-10,10,Четверг,6,Февраль,2,1,2022,Зима,Да,Нет
20220211,2022-02-11,11,Пятница,6,Февраль,2,1,2022,Зима,Да,Нет
20220212,2022-02-12,12,Суббота,6,Февраль,2,1,2022,Зима,Нет,Нет
20220213,2022-02-13,13,Воскресенье,6,Февраль,2,1,2022,Зима,Нет,Нет
20220214,2022-02-14,14,Понедельник,7,Февраль,2,1,2022,Зима,Да,Нет
20220215,2022-02-15,15,Вторник,7,Февраль,2,1,2022,Зима,Да,Нет
20220216,2022-02-16,16,Среда,7,Февраль,2,1,2022,Зима,Да,Нет
20220217,2022-02-17,17,Четверг,7,Февраль,2,1,2022,Зима,Да,Нет
20220218,2022-02-18,18,Пятница,7,Февраль,2,1,2022,Зима,Да,Нет
20220219,2022-02-19,19,Суббота,7,Февраль,2,1,2022,Зима,Нет,Нет
20220220,2022-02-20,20,Воскресенье,7,Февраль,2,1,2022,Зима,Нет,Нет
20220221,2022-02-21,21,Понедельник,8,Февраль,2,1,2022,Зима,Да,Нет
20220222,2022-02-22,22,Вторник,8,Февраль,2,1,2022,Зима,Да,Нет
20220223,2022-02-23,23,Среда,8,Февраль,2,1,2022,Зима,Да,Нет
20220224,2022-02-24,24,Четверг,8,Февраль,2,1,2022,Зима,Да,Нет
20220225,2022-02-25,25,Пятница,8,Февраль,2,1,2022,Зима,Да,Нет
20220226,2022-02-26,26,Суббота,8,Февраль,2,1,2022,Зима,Нет,Нет
20220227,2022-02-27,27,Воскресенье,8,Февраль,2,1,2022,Зима,Нет,Нет
20220228,2022-02-28,28,Понедельник,9,Февраль,2,1,2022,Зима,Да,Нет
20220301,2022-03-01,1,Вторник,9,Март,3,1,2022,Весна,Да,Нет
20220302,2022-03-02,2,Среда,9,Март,3,1,2022,Весна,Да,Нет
20220303,2022-03-03,3,Четверг,9,Март,3,1,2022,Весна,Да,Нет
20220304,2022-03-04,4,Пятница,9,Март,3,1,2022,Весна,Да,Нет
20220305,2022-03-05,5,Суббота,9,Март,3,1,2022,Весна,Нет,Нет
20220306,2022-03-06,6,Воскресенье,9,Март,3,1,2022,Весна,Нет,Нет
20220307,2022-03-07,7,Понедельник,10,Март,3,1,2022,Весна,Да,Нет
20220308,2022-03-08,8,Вторник,10,Март,3,1,2022,Весна,Да,Да
20220309,2022-03-09,9,Среда,10,Март,3,1,2022,Весна,Да,Нет
20220310,2022-03-10,10,Четверг,10,Март,3,1,2022,Весна,Да,Нет
20220311,2022-03-11,11,Пятница,10,Март,3,1,2022,Весна,Да,Нет
20220312,2022-03-12,12,Суббота,10,Март,3,1,2022,Весна,Нет,Нет
20220313,2022-03-13,13,Воскресенье,10,Март,3,1,2022,Весна,Нет,Нет
20220314,2022-03-14,14,Понедельник,11,Март,3,1,2022,Весна,Да,Нет
20220315,2022-03-15,15,Вторник,11,Март,3,1,2022,Весна,Да,Нет
20220316,2022-03-16,16,Среда,11,Март,3,1,2022,Весна,Да,Нет
20220317,2022-03-17,17,Четверг,11,Март,3,1,2022,Весна,Да,Нет
20220318,2022-03-18,18,Пятница,11,Март,3,1,2022,Весна,Да,Нет
20220319,2022-03-19,19,Суббота,11,Март,3,1,2022,Весна,Нет,Нет
20220320,2022-03-20,20,Воскресенье,11,Март,3,1,2022,Весна,Нет,Нет
20220321,2022-03-21,21,Понедельник,12,Март,3,1,2022,Весна,Да,Нет
20220322,2022-03-22,22,Вторник,12,Март,3,1,2022,Весна,Да,Нет
20220323,2022-03-23,23,Среда,12,Март,3,1,2022,Весна,Да,Нет
20220324,2022-03-24,24,Четверг,12,Март,3,1,2022,Весна,Да,Нет
20220325,2022-03-25,25,Пятница,12,Март,3,1,2022,Весна,Да,Нет
20220326,2022-03-26,26,Суббота,12,Март,3,1,2022,Весна,Нет,Нет
20220327,2022-03-27,27,Воскресенье,12,Март,3,1,2022,Весна,Нет,Нет
20220328,2022-03-28,28,Понедельник,13,Март,3,1,2022,Весна,Да,Нет
20220329,2022-03-29,29,Вторник,13,Март,3,1,2022,Весна,Да,Нет
20220330,2022-03-30,30,Среда,13,Март,3,1,2022,Весна,Да,Нет
20220331,2022-03-31,31,Четверг,13,Март,3,1,2022,Весна,Да,Нет
20220401,2022-04-01,1,Пятница,13,Апрель,4,2,2022,Весна,Да,Нет
20220402,2022-04-02,2,Суббота,13,Апрель,4,2,2022,Весна,Нет,Нет
20220403,2022-04-03,3,Воскресенье,13,Апрель,4,2,2022,Весна,Нет,Нет
20220404,2022-04-04,4,Понедельник,14,Апрель,4,2,2022,Весна,Да,Нет
20220405,2022-04-05,5,Вторник,14,Апрель,4,2,2022,Весна,Да,Нет
20220406,2022-04-06,6,Среда,14,Апрель,4,2,2022,Весна,Да,Нет
20220407,2022-04-07,7,Четверг,14,Апрель,4,2,2022,Весна,Да,Нет
20220408,2022-04-08,8,Пятница,14,Апрель,4,2,2022,Весна,Да,Нет
20220409,2022-04-09,9,Суббота,14,Апрель,4,2,2022,Весна,Нет,Нет
20220410,2022-04-10,10,Воскресенье,14,Апрель,4,2,2022,Весна,Нет,Нет
20220411,2022-04-11,11,Понедельник,15,Апрель,4,2,2022,Весна,Да,Нет
20220412,2022-04-12,12,Вторник,15,Апрель,4,2,2022,Весна,Да,Нет
20220413,2022-04-13,13,Среда,15,Апрель,4,2,2022,Весна,Да,Нет
20220414,2022-04-14,14,Четверг,15,Апрель,4,2,2022,Весна,Да,Нет
20220415,2022-04-15,15,Пятница,15,Апрель,4,2,2022,Весна,Да,Нет
20220416,2022-04-16,16,Суббота,15,Апрель,4,2,2022,Весна,Нет,Нет
20220417,2022-04-17,17,Воскресенье,15,Апрель,4,2,2022,Весна,Нет,Нет
20220418,2022-04-18,18,Понедельник,16,Апрель,4,2,2022,Весна,Да,Нет
20220419,2022-04-19,19,Вторник,16,Апрель,4,2,2022,Весна,Да,Нет
20220420,2022-04-20,20,Среда,16,Апрель,4,2,2022,Весна,Да,Нет
20220421,2022-04-21,21,Четверг,16,Апрель,4,2,2022,Весна,Да,Нет
20220422,2022-04-22,22,Пятница,16,Апрель,4,2,2022,Весна,Да,Нет
20220423,2022-04-23,23,Суббота,16,Апрель,4,2,2022,Весна,Нет,Нет
20220424,2022-04-24,24,Воскресенье,16,Апрель,4,2,2022,Весна,Нет,Нет
20220425,2022-04-25,25,Понедельник,17,Апрель,4,2,2022,Весна,Да,Нет
20220426,2022-04-26,26,Вторник,17,Апрель,4,2,2022,Весна,Да,Нет
20220427,2022-04-27,27,Среда,17,Апрель,4,2,2022,Весна,Да,Нет
20220428,2022-04-28,28,Четверг,17,Апрель,4,2,2022,Весна,Да,Нет
20220429,2022-04-29,29,Пятница,17,Апрель,4,2,2022,Весна,Да,Нет
20220430,2022-04-30,30,Суббота,17,Апрель,4,2,2022,Весна,Нет,Нет
20220501,2022-05-01,1,Воскресенье,17,Май,5,2,2022,Весна,Нет,Да
20220502,2022-05-02,2,Понедельник,18,Май,5,2,2022,Весна,Да,Нет
20220503,2022-05-03,3,Вторник,18,Май,5,2,2022,Весна,Да,Нет
20220504,2022-05-04,4,Среда,18,Май,5,2,2022,Весна,Да,Нет
20220505,2022-05-05,5,Четверг,18,Май,5,2,2022,Весна,Да,Нет
20220506,2022-05-06,6,Пятница,18,Май,5,2,2022,Весна,Да,Нет
20220507,2022-05-07,7,Суббота,18,Май,5,2,2022,Весна,Нет,Нет
20220508,2022-05-08,8,Воскресенье,18,Май,5,2,2022,Весна,Нет,Нет
20220509,2022-05-09,9,Понедельник,19,Май,5,2,2022,Весна,Да,Да
20220510,2022-05-10,10,Вторник,19,Май,5,2,2022,Весна,Да,Нет
20220511,2022-05-11,11,Среда,19,Май,5,2,2022,Весна,Да,Нет
20220512,2022-05-12,12,Четверг,19,Май,5,2,2022,Весна,Да,Нет
20220513,2022-05-13,13,Пятница,19,Май,5,2,2022,Весна,Да,Нет
20220514,2022-05-14,14,Суббота,19,Май,5,2,2022,Весна,Нет,Нет
20220515,2022-05-15,15,Воскресенье,19,Май,5,2,2022,Весна,Нет,Нет
20220516,2022-05-16,16,Понедельник,20,Май,5,2,2022,Весна,Да,Нет
20220517,2022-05-17,17,Вторник,20,Май,5,2,2022,Весна,Да,Нет
20220518,2022-05-18,18,Среда,20,Май,5,2,2022,Весна,Да,Нет
20220519,2022-05-19,19,Четверг,20,Май,5,2,2022,Весна,Да,Нет
20220520,2022-05-20,20,Пятница,20,Май,5,2,2022,Весна,Да,Нет
20220521,2022-05-21,21,Суббота,20,Май,5,2,2022,Весна,Нет,Нет
20220522,2022-05-22,22,Воскресенье,20,Май,5,2,2022,Весна,Нет,Нет
20220523,2022-05-23,23,Понедельник,21,Май,5,2,2022,Весна,Да,Нет
20220524,2022-05-24,24,Вторник,21,Май,5,2,2022,Весна,Да,Нет
20220525,2022-05-25,25,Среда,21,Май,5,2,2022,Весна,Да,Нет
20220526,2022-05-26,26,Четверг,21,Май,5,2,2022,Весна,Да,Нет
20220527,2022-05-27,27,Пятница,21,Май,5,2,2022,Весна,Да,Нет
20220528,2022-05-28,28,Суббота,21,Май,5,2,2022,Весна,Нет,Нет
20220529,2022-05-29,29,Воскресенье,21,Май,5,2,2022,Весна,Нет,Нет
20220530,2022-05-30,30,Понедельник,22,Май,5,2,2022,Весна,Да,Нет
20220531,2022-05-31,31,Вторник,22,Май,5,2,2022,Весна,Да,Нет
20220601,2022-06-01,1,Среда,22,Июнь,6,2,2022,Лето,Да,Нет
20220602,2022-06-02,2,Четверг,22,Июнь,6,2,2022,Лето,Да,Нет
20220603,2022-06-03,3,Пятница,22,Июнь,6,2,2022,Лето,Да,Нет
20220604,2022-06-04,4,Суббота,22,Июнь,6,2,2022,Лето,Нет,Нет
20220605,2022-06-05,5,Воскресенье,22,Июнь,6,2,2022,Лето,Нет,Нет
20220606,2022-06-06,6,Понедельник,23,Июнь,6,2,2022,Лето,Да,Нет
20220607,2022-06-07,7,Вторник,23,Июнь,6,2,2022,Лето,Да,Нет
20220608,2022-06-08,8,Среда,23,Июнь,6,2,2022,Лето,Да,Нет
20220609,2022-06-09,9,Четверг,23,Июнь,6,2,2022,Лето,Да,Нет
20220610,2022-06-10,10,Пятница,23,Июнь,6,2,2022,Лето,Да,Нет
20220611,2022-06-11,11,Суббота,23,Июнь,6,2,2022,Лето,Нет,Нет
20220612,2022-06-12,12,Воскресенье,23,Июнь,6,2,2022,Лето,Нет,Нет
20220613,2022-06-13,13,Понедельник,24,Июнь,6,2,2022,Лето,Да,Нет
20220614,2022-06-14,14,Вторник,24,Июнь,6,2,2022,Лето,Да,Нет
20220615,2022-06-15,15,Среда,24,Июнь,6,2,2022,Лето,Да,Нет
20220616,2022-06-16,16,Четверг,24,Июнь,6,2,2022,Лето,Да,Нет
20220617,2022-06-17,17,Пятница,24,Июнь,6,2,2022,Лето,Да,Нет
20220618,2022-06-18,18,Суббота,24,Июнь,6,2,2022,Лето,Нет,Нет
20220619,2022-06-19,19,Воскресенье,24,Июнь,6,2,2022,Лето,Нет,Нет
20220620,2022-06-20,20,Понедельник,25,Июнь,6,2,2022,Лето,Да,Нет
20220621,2022-06-21,21,Вторник,25,Июнь,6,2,2022,Лето,Да,Нет
20220622,2022-06-22,22,Среда,25,Июнь,6,2,2022,Лето,Да,Нет
20220623,2022-06-23,23,Четверг,25,Июнь,6,2,2022,Лето,Да,Нет
20220624,2022-06-24,24,Пятница,25,Июнь,6,2,2022,Лето,Да,Нет
20220625,2022-06-25,25,Суббота,25,Июнь,6,2,2022,Лето,Нет,Нет
20220626,2022-06-26,26,Воскресенье,25,Июнь,6,2,2022,Лето,Нет,Нет
20220627,2022-06-27,27,Понедельник,26,Июнь,6,2,2022,Лето,Да,Нет
20220628,2022-06-28,28,Вторник,26,Июнь,6,2,2022,Лето,Да,Нет
20220629,2022-06-29,29,Среда,26,Июнь,6,2,2022,Лето,Да,Нет
20220630,2022-06-30,30,Четверг,26,Июнь,6,2,2022,Лето,Да,Нет
20220701,2022-07-01,1,Пятница,26,Июль,7,3,2022,Лето,Да,Нет
20220702,2022-07-02,2,Суббота,26,Июль,7,3,2022,Лето,Нет,Нет
20220703,2022-07-03,3,Воскресенье,26,Июль,7,3,2022,Лето,Нет,Да
20220704,2022-07-04,4,Понедельник,27,Июль,7,3,2022,Лето,Да,Нет
20220705,2022-07-05,5,Вторник,27,Июль,7,3,2022,Лето,Да,Нет
20220706,2022-07-06,6,Среда,27,Июль,7,3,2022,Лето,Да,Нет
20220707,2022-07-07,7,Четверг,27,Июль,7,3,2022,Лето,Да,Нет
20220708,2022-07-08,8,Пятница,27,Июль,7,3,2022,Лето,Да,Нет
20220709,2022-07-09,9,Суббота,27,Июль,7,3,2022,Лето,Нет,Нет
20220710,2022-07-10,10,Воскресенье,27,Июль,7,3,2022,Лето,Нет,Нет
20220711,2022-07-11,11,Понедельник,28,Июль,7,3,2022,Лето,Да,Нет
20220712,2022-07-12,12,Вторник,28,Июль,7,3,2022,Лето,Да,Нет
20220713,2022-07-13,13,Среда,28,Июль,7,3,2022,Лето,Да,Нет
20220714,2022-07-14,14,Четверг,28,Июль,7,3,2022,Лето,Да,Нет
20220715,2022-07-15,15,Пятница,28,Июль,7,3,2022,Лето,Да,Нет
20220716,2022-07-16,16,Суббота,28,Июль,7,3,2022,Лето,Нет,Нет
20220717,2022-07-17,17,Воскресенье,28,Июль,7,3,2022,Лето,Нет,Нет
20220718,2022-07-18,18,Понедельник,29,Июль,7,3,2022,Лето,Да,Нет
20220719,2022-07-19,19,Вторник,29,Июль,7,3,2022,Лето,Да,Нет
20220720,2022-07-20,20,Среда,29,Июль,7,3,2022,Лето,Да,Нет
20220721,2022-07-21,21,Четверг,29,Июль,7,3,2022,Лето,Да,Нет
20220722,2022-07-22,22,Пятница,29,Июль,7,3,2022,Лето,Да,Нет
20220723,2022-07-23,23,Суббота,29,Июль,7,3,2022,Лето,Нет,Нет
20220724,2022-07-24,24,Воскресенье,29,Июль,7,3,2022,Лето,Нет,Нет
20220725,2022-07-25,25,Понедельник,30,Июль,7,3,2022,Лето,Да,Нет
20220726,2022-07-26,26,Вторник,30,Июль,7,3,2022,Лето,Да,Нет
20220727,2022-07-27,27,Среда,30,Июль,7,3,2022,Лето,Да,Нет
20220728,2022-07-28,28,Четверг,30,Июль,7,3,2022,Лето,Да,Нет
20220729,2022-07-29,29,Пятница,30,Июль,7,3,2022,Лето,Да,Нет
20220730,2022-07-30,30,Суббота,30,Июль,7,3,2022,Лето,Нет,Нет
20220731,2022-07-31,31,Воскресенье,30,Июль,7,3,2022,Лето,Нет,Нет
20220801,2022-08-01,1,Понедельник,31,Август,8,3,2022,Лето,Да,Нет
20220802,2022-08-02,2,Вторник,31,Август,8,3,2022,Лето,Да,Нет
20220803,2022-08-03,3,Среда,31,Август,8,3,2022,Лето,Да,Нет
20220804,2022-08-04,4,Четверг,31,Август,8,3,2022,Лето,Да,Нет
20220805,2022-08-05,5,Пятница,31,Август,8,3,2022,Лето,Да,Нет
20220806,2022-08-06,6,Суббота,31,Август,8,3,2022,Лето,Нет,Нет
20220807,2022-08-07,7,Воскресенье,31,Август,8,3,2022,Лето,Нет,Нет
20220808,2022-08-08,8,Понедельник,32,Август,8,3,2022,Лето,Да,Нет
20220809,2022-08-09,9,Вторник,32,Август,8,3,2022,Лето,Да,Нет
20220810,2022-08-10,10,Среда,32,Август,8,3,2022,Лето,Да,Нет
20220811,2022-08-11,11,Четверг,32,Август,8,3,2022,Лето,Да,Нет
20220812,2022-08-12,12,Пятница,32,Август,8,3,2022,Лето,Да,Нет
20220813,2022-08-13,13,Суббота,32,Август,8,3,2022,Лето,Нет,Нет
20220814,2022-08-14,14,Воскресенье,32,Август,8,3,2022,Лето,Нет,Нет
20220815,2022-08-15,15,Понедельник,33,Август,8,3,2022,Лето,Да,Нет
20220816,2022-08-16,16,Вторник,33,Август,8,3,2022,Лето,Да,Нет
20220817,2022-08-17,17,Среда,33,Август,8,3,2022,Лето,Да,Нет
20220818,2022-08-18,18,Четверг,33,Август,8,3,2022,Лето,Да,Нет
20220819,2022-08-19,19,Пятница,33,Август,8,3,2022,Лето,Да,Нет
20220820,2022-08-20,20,Суббота,33,Август,8,3,2022,Лето,Нет,Нет
20220821,2022-08-21,21,Воскресенье,33,Август,8,3,2022,Лето,Нет,Нет
20220822,2022-08-22,22,Понедельник,34,Август,8,3,2022,Лето,Да,Нет
20220823,2022-08-23,23,Вторник,34,Август,8,3,2022,Лето,Да,Нет
20220824,2022-08-24,24,Среда,34,Август,8,3,2022,Лето,Да,Нет
20220825,2022-08-25,25,Четверг,34,Август,8,3,2022,Лето,Да,Нет
20220826,2022-08-26,26,Пятница,34,Август,8,3,2022,Лето,Да,Нет
20220827,2022-08-27,27,Суббота,34,Август,8,3,2022,Лето,Нет,Нет
20220828,2022-08-28,28,Воскресенье,34,Август,8,3,2022,Лето,Нет,Нет
20220829,2022-08-29,29,Понедельник,35,Август,8,3,2022,Лето,Да,Нет
20220830,2022-08-30,30,Вторник,35,Август,8,3,2022,Лето,Да,Нет
20220831,2022-08-31,31,Среда,35,Август,8,3,2022,Лето,Да,Нет
20220901,2022-09-01,1,Четверг,35,Сентябрь,9,3,2022,Осень,Да,Нет
20220902,2022-09-02,2,Пятница,35,Сентябрь,9,3,2022,Осень,Да,Нет
20220903,2022-09-03,3,Суббота,35,Сентябрь,9,3,2022,Осень,Нет,Нет
20220904,2022-09-04,4,Воскресенье,35,Сентябрь,9,3,2022,Осень,Нет,Нет
20220905,2022-09-05,5,Понедельник,36,Сентябрь,9,3,2022,Осень,Да,Нет
20220906,2022-09-06,6,Вторник,36,Сентябрь,9,3,2022,Осень,Да,Нет
20220907,2022-09-07,7,Среда,36,Сентябрь,9,3,2022,Осень,Да,Нет
20220908,2022-09-08,8,Четверг,36,Сентябрь,9,3,2022,Осень,Да,Нет
20220909,2022-09-09,9,Пятница,36,Сентябрь,9,3,2022,Осень,Да,Нет
20220910,2022-09-10,10,Суббота,36,Сентябрь,9,3,2022,Осень,Нет,Нет
20220911,2022-09-11,11,Воскресенье,36,Сентябрь,9,3,2022,Осень,Нет,Нет
20220912,2022-09-12,12,Понедельник,37,Сентябрь,9,3,2022,Осень,Да,Нет
20220913,2022-09-13,13,Вторник,37,Сентябрь,9,3,2022,Осень,Да,Нет
20220914,2022-09-14,14,Среда,37,Сентябрь,9,3,2022,Осень,Да,Нет
20220915,2022-09-15,15,Четверг,37,Сентябрь,9,3,2022,Осень,Да,Нет
20220916,2022-09-16,16,Пятница,37,Сентябрь,9,3,2022,Осень,Да,Нет
20220917,2022-09-17,17,Суббота,37,Сентябрь,9,3,2022,Осень,Нет,Нет
20220918,2022-09-18,18,Воскресенье,37,Сентябрь,9,3,2022,Осень,Нет,Нет
20220919,2022-09-19,19,Понедельник,38,Сентябрь,9,3,2022,Осень,Да,Нет
20220920,2022-09-20,20,Вторник,38,Сентябрь,9,3,2022,Осень,Да,Нет
20220921,2022-09-21,21,Среда,38,Сентябрь,9,3,2022,Осень,Да,Нет
20220922,2022-09-22,22,Четверг,38,Сентябрь,9,3,2022,Осень,Да,Нет
20220923,2022-09-23,23,Пятница,38,Сентябрь,9,3,2022,Осень,Да,Нет
20220924,2022-09-24,24,Суббота,38,Сентябрь,9,3,2022,Осень,Нет,Нет
20220925,2022-09-25,25,Воскресенье,38,Сентябрь,9,3,2022,Осень,Нет,Нет
20220926,2022-09-26,26,Понедельник,39,Сентябрь,9,3,2022,Осень,Да,Нет
20220927,2022-09-27,27,Вторник,39,Сентябрь,9,3,2022,Осень,Да,Нет
20220928,2022-09-28,28,Среда,39,Сентябрь,9,3,2022,Осень,Да,Нет
20220929,2022-09-29,29,Четверг,39,Сентябрь,9,3,2022,Осень,Да,Нет
20220930,2022-09-30,30,Пятница,39,Сентябрь,9,3,2022,Осень,Да,Нет
20221001,2022-10-01,1,Суббота,39,Октябрь,10,4,2022,Осень,Нет,Нет
20221002,2022-10-02,2,Воскресенье,39,Октябрь,10,4,2022,Осень,Нет,Нет
20221003,2022-10-03,3,Понедельник,40,Октябрь,10,4,2022,Осень,Да,Нет
20221004,2022-10-04,4,Вторник,40,Октябрь,10,4,2022,Осень,Да,Нет
20221005,2022-10-05,5,Среда,40,Октябрь,10,4,2022,Осень,Да,Нет
20221006,2022-10-06,6,Четверг,40,Октябрь,10,4,2022,Осень,Да,Нет
20221007,2022-10-07,7,Пятница,40,Октябрь,10,4,2022,Осень,Да,Нет
20221008,2022-10-08,8,Суббота,40,Октябрь,10,4,2022,Осень,Нет,Нет
20221009,2022-10-09,9,Воскресенье,40,Октябрь,10,4,2022,Осень,Нет,Нет
20221010,2022-10-10,10,Понедельник,41,Октябрь,10,4,2022,Осень,Да,Нет
20221011,2022-10-11,11,Вторник,41,Октябрь,10,4,2022,Осень,Да,Нет
20221012,2022-10-12,12,Среда,41,Октябрь,10,4,2022,Осень,Да,Нет
20221013,2022-10-13,13,Четверг,41,Октябрь,10,4,2022,Осень,Да,Нет
20221014,2022-10-14,14,Пятница,41,Октябрь,10,4,2022,Осень,Да,Нет
20221015,2022-10-15,15,Суббота,41,Октябрь,10,4,2022,Осень,Нет,Нет
20221016,2022-10-16,16,Воскресенье,41,Октябрь,10,4,2022,Осень,Нет,Нет
20221017,2022-10-17,17,Понедельник,42,Октябрь,10,4,2022,Осень,Да,Нет
20221018,2022-10-18,18,Вторник,42,Октябрь,10,4,2022,Осень,Да,Нет
20221019,2022-10-19,19,Среда,42,Октябрь,10,4,2022,Осень,Да,Нет
20221020,2022-10-20,20,Четверг,42,Октябрь,10,4,2022,Осень,Да,Нет
20221021,2022-10-21,21,Пятница,42,Октябрь,10,4,2022,Осень,Да,Нет
20221022,2022-10-22,22,Суббота,42,Октябрь,10,4,2022,Осень,Нет,Нет
20221023,2022-10-23,23,Воскресенье,42,Октябрь,10,4,2022,Осень,Нет,Нет
20221024,2022-10-24,24,Понедельник,43,Октябрь,10,4,2022,Осень,Да,Нет
20221025,2022-10-25,25,Вторник,43,Октябрь,10,4,2022,Осень,Да,Нет
20221026,2022-10-26,26,Среда,43,Октябрь,10,4,2022,Осень,Да,Нет
20221027,2022-10-27,27,Четверг,43,Октябрь,10,4,2022,Осень,Да,Нет
20221028,2022-10-28,28,Пятница,43,Октябрь,10,4,2022,Осень,Да,Нет
20221029,2022-10-29,29,Суббота,43,Октябрь,10,4,2022,Осень,Нет,Нет
20221030,2022-10-30,30,Воскресенье,43,Октябрь,10,4,2022,Осень,Нет,Нет
20221031,2022-10-31,31,Понедельник,44,Октябрь,10,4,2022,Осень,Да,Нет
20221101,2022-11-01,1,Вторник,44,Ноябрь,11,4,2022,Осень,Да,Нет
20221102,2022-11-02,2,Среда,44,Ноябрь,11,4,2022,Осень,Да,Нет
20221103,2022-11-03,3,Четверг,44,Ноябрь,11,4,2022,Осень,Да,Нет
20221104,2022-11-04,4,Пятница,44,Ноябрь,11,4,2022,Осень,Да,Нет
20221105,2022-11-05,5,Суббота,44,Ноябрь,11,4,2022,Осень,Нет,Нет
20221106,2022-11-06,6,Воскресенье,44,Ноябрь,11,4,2022,Осень,Нет,Нет
20221107,2022-11-07,7,Понедельник,45,Ноябрь,11,4,2022,Осень,Да,Да
20221108,2022-11-08,8,Вторник,45,Ноябрь,11,4,2022,Осень,Да,Нет
20221109,2022-11-09,9,Среда,45,Ноябрь,11,4,2022,Осень,Да,Нет
20221110,2022-11-10,10,Четверг,45,Ноябрь,11,4,2022,Осень,Да,Нет
20221111,2022-11-11,11,Пятница,45,Ноябрь,11,4,2022,Осень,Да,Нет
20221112,2022-11-12,12,Суббота,45,Ноябрь,11,4,2022,Осень,Нет,Нет
20221113,2022-11-13,13,Воскресенье,45,Ноябрь,11,4,2022,Осень,Нет,Нет
20221114,2022-11-14,14,Понедельник,46,Ноябрь,11,4,2022,Осень,Да,Нет
20221115,2022-11-15,15,Вторник,46,Ноябрь,11,4,2022,Осень,Да,Нет
20221116,2022-11-16,16,Среда,46,Ноябрь,11,4,2022,Осень,Да,Нет
20221117,2022-11-17,17,Четверг,46,Ноябрь,11,4,2022,Осень,Да,Нет
20221118,2022-11-18,18,Пятница,46,Ноябрь,11,4,2022,Осень,Да,Нет
20221119,2022-11-19,19,Суббота,46,Ноябрь,11,4,2022,Осень,Нет,Нет
20221120,2022-11-20,20,Воскресенье,46,Ноябрь,11,4,2022,Осень,Нет,Нет
20221121,2022-11-21,21,Понедельник,47,Ноябрь,11,4,2022,Осень,Да,Нет
20221122,2022-11-22,22,Вторник,47,Ноябрь,11,4,2022,Осень,Да,Нет
20221123,2022-11-23,23,Среда,47,Ноябрь,11,4,2022,Осень,Да,Нет
20221124,2022-11-24,24,Четверг,47,Ноябрь,11,4,2022,Осень,Да,Нет
20221125,2022-11-25,25,Пятница,47,Ноябрь,11,4,2022,Осень,Да,Нет
20221126,2022-11-26,26,Суббота,47,Ноябрь,11,4,2022,Осень,Нет,Нет
20221127,2022-11-27,27,Воскресенье,47,Ноябрь,11,4,2022,Осень,Нет,Нет
20221128,2022-11-28,28,Понедельник,48,Ноябрь,11,4,2022,Осень,Да,Нет
20221129,2022-11-29,29,Вторник,48,Ноябрь,11,4,2022,Осень,Да,Нет
20221130,2022-11-30,30,Среда,48,Ноябрь,11,4,2022,Осень,Да,Нет
20221201,2022-12-01,1,Четверг,48,Декабрь,12,4,2022,Зима,Да,Нет
20221202,2022-12-02,2,Пятница,48,Декабрь,12,4,2022,Зима,Да,Нет
20221203,2022-12-03,3,Суббота,48,Декабрь,12,4,2022,Зима,Нет,Нет
20221204,2022-12-04,4,Воскресенье,48,Декабрь,12,4,2022,Зима,Нет,Нет
20221205,2022-12-05,5,Понедельник,49,Декабрь,12,4,2022,Зима,Да,Нет
20221206,2022-12-06,6,Вторник,49,Декабрь,12,4,2022,Зима,Да,Нет
20221207,2022-12-07,7,Среда,49,Декабрь,12,4,2022,Зима,Да,Нет
20221208,2022-12-08,8,Четверг,49,Декабрь,12,4,2022,Зима,Да,Нет
20221209,2022-12-09,9,Пятница,49,Декабрь,12,4,2022,Зима,Да,Нет
20221210,2022-12-10,10,Суббота,49,Декабрь,12,4,2022,Зима,Нет,Нет
20221211,2022-12-11,11,Воскресенье,49,Декабрь,12,4,2022,Зима,Нет,Нет
20221212,2022-12-12,12,Понедельник,50,Декабрь,12,4,2022,Зима,Да,Нет
20221213,2022-12-13,13,Вторник,50,Декабрь,12,4,2022,Зима,Да,Нет
20221214,2022-12-14,14,Среда,50,Декабрь,12,4,2022,Зима,Да,Нет
20221215,2022-12-15,15,Четверг,50,Декабрь,12,4,2022,Зима,Да,Нет
20221216,2022-12-16,16,Пятница,50,Декабрь,12,4,2022,Зима,Да,Нет
20221217,2022-12-17,17,Суббота,50,Декабрь,12,4,2022,Зима,Нет,Нет
20221218,2022-12-18,18,Воскресенье,50,Декабрь,12,4,2022,Зима,Нет,Нет
20221219,2022-12-19,19,Понедельник,51,Декабрь,12,4,2022,Зима,Да,Нет
20221220,2022-12-20,20,Вторник,51,Декабрь,12,4,2022,Зима,Да,Нет
20221221,2022-12-21,21,Среда,51,Декабрь,12,4,2022,Зима,Да,Нет
20221222,2022-12-22,22,Четверг,51,Декабрь,12,4,2022,Зима,Да,Нет
20221223,2022-12-23,23,Пятница,51,Декабрь,12,4,2022,Зима,Да,Нет
20221224,2022-12-24,24,Суббота,51,Декабрь,12,4,2022,Зима,Нет,Нет
20221225,2022-12-25,25,Воскресенье,51,Декабрь,12,4,2022,Зима,Нет,Да
20221226,2022-12-26,26,Понедельник,52,Декабрь,12,4,2022,Зима,Да,Нет
20221227,2022-12-27,27,Вторник,52,Декабрь,12,4,2022,Зима,Да,Нет
20221228,2022-12-28,28,Среда,52,Декабрь,12,4,2022,Зима,Да,Нет
20221229,2022-12-29,29,Четверг,52,Декабрь,12,4,2022,Зима,Да,Нет
20221230,2022-12-30,30,Пятница,52,Декабрь,12,4,2022,Зима,Да,Нет
20221231,2022-12-31,31,Суббота,52,Декабрь,12,4,2022,Зима,Нет,Нет
20230101,2023-01-01,1,Воскресенье,52,Январь,1,1,2023,Зима,Нет,Да
20230102,2023-01-02,2,Понедельник,1,Январь,1,1,2023,Зима,Да,Да
20230103,2023-01-03,3,Вторник,1,Январь,1,1,2023,Зима,Да,Нет
20230104,2023-01-04,4,Среда,1,Январь,1,1,2023,Зима,Да,Нет
20230105,2023-01-05,5,Четверг,1,Январь,1,1,2023,Зима,Да,Нет
20230106,2023-01-06,6,Пятница,1,Январь,1,1,2023,Зима,Да,Нет
20230107,2023-01-07,7,Суббота,1,Январь,1,1,2023,Зима,Нет,Да
20230108,2023-01-08,8,Воскресенье,1,Январь,1,1,2023,Зима,Нет,Нет
20230109,2023-01-09,9,Понедельник,2,Январь,1,1,2023,Зима,Да,Нет
20230110,2023-01-10,10,Вторник,2,Январь,1,1,2023,Зима,Да,Нет
20230111,2023-01-11,11,Среда,2,Январь,1,1,2023,Зима,Да,Нет
20230112,2023-01-12,12,Четверг,2,Январь,1,1,2023,Зима,Да,Нет
20230113,2023-01-13,13,Пятница,2,Январь,1,1,2023,Зима,Да,Нет
20230114,2023-01-14,14,Суббота,2,Январь,1,1,2023,Зима,Нет,Нет
20230115,2023-01-15,15,Воскресенье,2,Январь,1,1,2023,Зима,Нет,Нет
20230116,2023-01-16,16,Понедельник,3,Январь,1,1,2023,Зима,Да,Нет
20230117,2023-01-17,17,Вторник,3,Январь,1,1,2023,Зима,Да,Нет
20230118,2023-01-18,18,Среда,3,Январь,1,1,2023,Зима,Да,Нет
20230119,2023-01-19,19,Четверг,3,Январь,1,1,2023,Зима,Да,Нет
20230120,2023-01-20,20,Пятница,3,Январь,1,1,2023,Зима,Да,Нет
20230121,2023-01-21,21,Суббота,3,Январь,1,1,2023,Зима,Нет,Нет
20230122,2023-01-22,22,Воскресенье,3,Январь,1,1,2023,Зима,Нет,Нет
20230123,2023-01-23,23,Понедельник,4,Январь,1,1,2023,Зима,Да,Нет
20230124,2023-01-24,24,Вторник,4,Январь,1,1,2023,Зима,Да,Нет
20230125,2023-01-25,25,Среда,4,Январь,1,1,2023,Зима,Да,Нет
20230126,2023-01-26,26,Четверг,4,Январь,1,1,2023,Зима,Да,Нет
20230127,2023-01-27,27,Пятница,4,Январь,1,1,2023,Зима,Да,Нет
20230128,2023-01-28,28,Суббота,4,Январь,1,1,2023,Зима,Нет,Нет
20230129,2023-01-29,29,Воскресенье,4,Январь,1,1,2023,Зима,Нет,Нет
20230130,2023-01-30,30,Понедельник,5,Январь,1,1,2023,Зима,Да,Нет
20230131,2023-01-31,31,Вторник,5,Январь,1,1,2023,Зима,Да,Нет
20230201,2023-02-01,1,Среда,5,Февраль,2,1,2023,Зима,Да,Нет
20230202,2023-02-02,2,Четверг,5,Февраль,2,1,2023,Зима,Да,Нет
20230203,2023-02-03,3,Пятница,5,Февраль,2,1,2023,Зима,Да,Нет
20230204,2023-02-04,4,Суббота,5,Февраль,2,1,2023,Зима,Нет,Нет
20230205,2023-02-05,5,Воскресенье,5,Февраль,2,1,2023,Зима,Нет,Нет
20230206,2023-02-06,6,Понедельник,6,Февраль,2,1,2023,Зима,Да,Нет
20230207,2023-02-07,7,Вторник,6,Февраль,2,1,2023,Зима,Да,Нет
20230208,2023-02-08,8,Среда,6,Февраль,2,1,2023,Зима,Да,Нет
20230209,2023-02-09,9,Четверг,6,Февраль,2,1,2023,Зима,Да,Нет
20230210,2023-02-10,10,Пятница,6,Февраль,2,1,2023,Зима,Да,Нет
20230211,2023-02-11,11,Суббота,6,Февраль,2,1,2023,Зима,Нет,Нет
20230212,2023-02-12,12,Воскресенье,6,Февраль,2,1,2023,Зима,Нет,Нет
20230213,2023-02-13,13,Понедельник,7,Февраль,2,1,2023,Зима,Да,Нет
20230214,2023-02-14,14,Вторник,7,Февраль,2,1,2023,Зима,Да,Нет
20230215,2023-02-15,15,Среда,7,Февраль,2,1,2023,Зима,Да,Нет
20230216,2023-02-16,16,Четверг,7,Февраль,2,1,2023,Зима,Да,Нет
20230217,2023-02-17,17,Пятница,7,Февраль,2,1,2023,Зима,Да,Нет
20230218,2023-02-18,18,Суббота,7,Февраль,2,1,2023,Зима,Нет,Нет
20230219,2023-02-19,19,Воскресенье,7,Февраль,2,1,2023,Зима,Нет,Нет
20230220,2023-02-20,20,Понедельник,8,Февраль,2,1,2023,Зима,Да,Нет
20230221,2023-02-21,21,Вторник,8,Февраль,2,1,2023,Зима,Да,Нет
20230222,2023-02-22,22,Среда,8,Февраль,2,1,2023,Зима,Да,Нет
20230223,2023-02-23,23,Четверг,8,Февраль,2,1,2023,Зима,Да,Нет
20230224,2023-02-24,24,Пятница,8,Февраль,2,1,2023,Зима,Да,Нет
20230225,2023-02-25,25,Суббота,8,Февраль,2,1,2023,Зима,Нет,Нет
20230226,2023-02-26,26,Воскресенье,8,Февраль,2,1,2023,Зима,Нет,Нет
20230227,2023-02-27,27,Понедельник,9,Февраль,2,1,2023,Зима,Да,Нет
20230228,2023-02-28,28,Вторник,9,Февраль,2,1,2023,Зима,Да,Нет
20230301,2023-03-01,1,Среда,9,Март,3,1,2023,Весна,Да,Нет
20230302,2023-03-02,2,Четверг,9,Март,3,1,2023,Весна,Да,Нет
20230303,2023-03-03,3,Пятница,9,Март,3,1,2023,Весна,Да,Нет
20230304,2023-03-04,4,Суббота,9,Март,3,1,2023,Весна,Нет,Нет
20230305,2023-03-05,5,Воскресенье,9,Март,3,1,2023,Весна,Нет,Нет
20230306,2023-03-06,6,Понедельник,10,Март,3,1,2023,Весна,Да,Нет
20230307,2023-03-07,7,Вторник,10,Март,3,1,2023,Весна,Да,Нет
20230308,2023-03-08,8,Среда,10,Март,3,1,2023,Весна,Да,Да
20230309,2023-03-09,9,Четверг,10,Март,3,1,2023,Весна,Да,Нет
20230310,2023-03-10,10,Пятница,10,Март,3,1,2023,Весна,Да,Нет
20230311,2023-03-11,11,Суббота,10,Март,3,1,2023,Весна,Нет,Нет
20230312,2023-03-12,12,Воскресенье,10,Март,3,1,2023,Весна,Нет,Нет
20230313,2023-03-13,13,Понедельник,11,Март,3,1,2023,Весна,Да,Нет
20230314,2023-03-14,14,Вторник,11,Март,3,1,2023,Весна,Да,Нет
20230315,2023-03-15,15,Среда,11,Март,3,1,2023,Весна,Да,Нет
20230316,2023-03-16,16,Четверг,11,Март,3,1,2023,Весна,Да,Нет
20230317,2023-03-17,17,Пятница,11,Март,3,1,2023,Весна,Да,Нет
20230318,2023-03-18,18,Суббота,11,Март,3,1,2023,Весна,Нет,Нет
20230319,2023-03-19,19,Воскресенье,11,Март,3,1,2023,Весна,Нет,Нет
20230320,2023-03-20,20,Понедельник,12,Март,3,1,2023,Весна,Да,Нет
20230321,2023-03-21,21,Вторник,12,Март,3,1,2023,Весна,Да,Нет
20230322,2023-03-22,22,Среда,12,Март,3,1,2023,Весна,Да,Нет
20230323,2023-03-23,23,Четверг,12,Март,3,1,2023,Весна,Да,Нет
20230324,2023-03-24,24,Пятница,12,Март,3,1,2023,Весна,Да,Нет
20230325,2023-03-25,25,Суббота,12,Март,3,1,2023,Весна,Нет,Нет
20230326,2023-03-26,26,Воскресенье,12,Март,3,1,2023,Весна,Нет,Нет
20230327,2023-03-27,27,Понедельник,13,Март,3,1,2023,Весна,Да,Нет
20230328,2023-03-28,28,Вторник,13,Март,3,1,2023,Весна,Да,Нет
20230329,2023-03-29,29,Среда,13,Март,3,1,2023,Весна,Да,Нет
20230330,2023-03-30,30,Четверг,13,Март,3,1,2023,Весна,Да,Нет
20230331,2023-03-31,31,Пятница,13,Март,3,1,2023,Весна,Да,Нет
20230401,2023-04-01,1,Суббота,13,Апрель,4,2,2023,Весна,Нет,Нет
20230402,2023-04-02,2,Воскресенье,13,Апрель,4,2,2023,Весна,Нет,Нет
20230403,2023-04-03,3,Понедельник,14,Апрель,4,2,2023,Весна,Да,Нет
20230404,2023-04-04,4,Вторник,14,Апрель,4,2,2023,Весна,Да,Нет
20230405,2023-04-05,5,Среда,14,Апрель,4,2,2023,Весна,Да,Нет
20230406,2023-04-06,6,Четверг,14,Апрель,4,2,2023,Весна,Да,Нет
20230407,2023-04-07,7,Пятница,14,Апрель,4,2,2023,Весна,Да,Нет
20230408,2023-04-08,8,Суббота,14,Апрель,4,2,2023,Весна,Нет,Нет
20230409,2023-04-09,9,Воскресенье,14,Апрель,4,2,2023,Весна,Нет,Нет
20230410,2023-04-10,10,Понедельник,15,Апрель,4,2,2023,Весна,Да,Нет
20230411,2023-04-11,11,Вторник,15,Апрель,4,2,2023,Весна,Да,Нет
20230412,2023-04-12,12,Среда,15,Апрель,4,2,2023,Весна,Да,Нет
20230413,2023-04-13,13,Четверг,15,Апрель,4,2,2023,Весна,Да,Нет
20230414,2023-04-14,14,Пятница,15,Апрель,4,2,2023,Весна,Да,Нет
20230415,2023-04-15,15,Суббота,15,Апрель,4,2,2023,Весна,Нет,Нет
20230416,2023-04-16,16,Воскресенье,15,Апрель,4,2,2023,Весна,Нет,Нет
20230417,2023-04-17,17,Понедельник,16,Апрель,4,2,2023,Весна,Да,Нет
20230418,2023-04-18,18,Вторник,16,Апрель,4,2,2023,Весна,Да,Нет
20230419,2023-04-19,19,Среда,16,Апрель,4,2,2023,Весна,Да,Нет
20230420,2023-04-20,20,Четверг,16,Апрель,4,2,2023,Весна,Да,Нет
20230421,2023-04-21,21,Пятница,16,Апрель,4,2,2023,Весна,Да,Нет
20230422,2023-04-22,22,Суббота,16,Апрель,4,2,2023,Весна,Нет,Нет
20230423,2023-04-23,23,Воскресенье,16,Апрель,4,2,2023,Весна,Нет,Нет
20230424,2023-04-24,24,Понедельник,17,Апрель,4,2,2023,Весна,Да,Нет
20230425,2023-04-25,25,Вторник,17,Апрель,4,2,2023,Весна,Да,Нет
20230426,2023-04-26,26,Среда,17,Апрель,4,2,2023,Весна,Да,Нет
20230427,2023-04-27,27,Четверг,17,Апрель,4,2,2023,Весна,Да,Нет
20230428,2023-04-28,28,Пятница,17,Апрель,4,2,2023,Весна,Да,Нет
20230429,2023-04-29,29,Суббота,17,Апрель,4,2,2023,Весна,Нет,Нет
20230430,2023-04-30,30,Воскресенье,17,Апрель,4,2,2023,Весна,Нет,Нет
20230501,2023-05-01,1,Понедельник,18,Май,5,2,2023,Весна,Да,Да
20230502,2023-05-02,2,Вторник,18,Май,5,2,2023,Весна,Да,Нет
20230503,2023-05-03,3,Среда,18,Май,5,2,2023,Весна,Да,Нет
20230504,2023-05-04,4,Четверг,18,Май,5,2,2023,Весна,Да,Нет
20230505,2023-05-05,5,Пятница,18,Май,5,2,2023,Весна,Да,Нет
20230506,2023-05-06,6,Суббота,18,Май,5,2,2023,Весна,Нет,Нет
20230507,2023-05-07,7,Воскресенье,18,Май,5,2,2023,Весна,Нет,Нет
20230508,2023-05-08,8,Понедельник,19,Май,5,2,2023,Весна,Да,Нет
20230509,2023-05-09,9,Вторник,19,Май,5,2,2023,Весна,Да,Да
20230510,2023-05-10,10,Среда,19,Май,5,2,2023,Весна,Да,Нет
20230511,2023-05-11,11,Четверг,19,Май,5,2,2023,Весна,Да,Нет
20230512,2023-05-12,12,Пятница,19,Май,5,2,2023,Весна,Да,Нет
20230513,2023-05-13,13,Суббота,19,Май,5,2,2023,Весна,Нет,Нет
20230514,2023-05-14,14,Воскресенье,19,Май,5,2,2023,Весна,Нет,Нет
20230515,2023-05-15,15,Понедельник,20,Май,5,2,2023,Весна,Да,Нет
20230516,2023-05-16,16,Вторник,20,Май,5,2,2023,Весна,Да,Нет
20230517,2023-05-17,17,Среда,20,Май,5,2,2023,Весна,Да,Нет
20230518,2023-05-18,18,Четверг,20,Май,5,2,2023,Весна,Да,Нет
20230519,2023-05-19,19,Пятница,20,Май,5,2,2023,Весна,Да,Нет
20230520,2023-05-20,20,Суббота,20,Май,5,2,2023,Весна,Нет,Нет
20230521,2023-05-21,21,Воскресенье,20,Май,5,2,2023,Весна,Нет,Нет
20230522,2023-05-22,22,Понедельник,21,Май,5,2,2023,Весна,Да,Нет
20230523,2023-05-23,23,Вторник,21,Май,5,2,2023,Весна,Да,Нет
20230524,2023-05-24,24,Среда,21,Май,5,2,2023,Весна,Да,Нет
20230525,2023-05-25,25,Четверг,21,Май,5,2,2023,Весна,Да,Нет
20230526,2023-05-26,26,Пятница,21,Май,5,2,2023,Весна,Да,Нет
20230527,2023-05-27,27,Суббота,21,Май,5,2,2023,Весна,Нет,Нет
20230528,2023-05-28,28,Воскресенье,21,Май,5,2,2023,Весна,Нет,Нет
20230529,2023-05-29,29,Понедельник,22,Май,5,2,2023,Весна,Да,Нет
20230530,2023-05-30,30,Вторник,22,Май,5,2,2023,Весна,Да,Нет
20230531,2023-05-31,31,Среда,22,Май,5,2,2023,Весна,Да,Нет
20230601,2023-06-01,1,Четверг,22,Июнь,6,2,2023,Лето,Да,Нет
20230602,2023-06-02,2,Пятница,22,Июнь,6,2,2023,Лето,Да,Нет
20230603,2023-06-03,3,Суббота,22,Июнь,6,2,2023,Лето,Нет,Нет
20230604,2023-06-04,4,Воскресенье,22,Июнь,6,2,2023,Лето,Нет,Нет
20230605,2023-06-05,5,Понедельник,23,Июнь,6,2,2023,Лето,Да,Нет
20230606,2023-06-06,6,Вторник,23,Июнь,6,2,2023,Лето,Да,Нет
20230607,2023-06-07,7,Среда,23,Июнь,6,2,2023,Лето,Да,Нет
20230608,2023-06-08,8,Четверг,23,Июнь,6,2,2023,Лето,Да,Нет
20230609,2023-06-09,9,Пятница,23,Июнь,6,2,2023,Лето,Да,Нет
20230610,2023-06-10,10,Суббота,23,Июнь,6,2,2023,Лето,Нет,Нет
20230611,2023-06-11,11,Воскресенье,23,Июнь,6,2,2023,Лето,Нет,Нет
20230612,2023-06-12,12,Понедельник,24,Июнь,6,2,2023,Лето,Да,Нет
20230613,2023-06-13,13,Вторник,24,Июнь,6,2,2023,Лето,Да,Нет
20230614,2023-06-14,14,Среда,24,Июнь,6,2,2023,Лето,Да,Нет
20230615,2023-06-15,15,Четверг,24,Июнь,6,2,2023,Лето,Да,Нет
20230616,2023-06-16,16,Пятница,24,Июнь,6,2,2023,Лето,Да,Нет
20230617,2023-06-17,17,Суббота,24,Июнь,6,2,2023,Лето,Нет,Нет
20230618,2023-06-18,18,Воскресенье,24,Июнь,6,2,2023,Лето,Нет,Нет
20230619,2023-06-19,19,Понедельник,25,Июнь,6,2,2023,Лето,Да,Нет
20230620,2023-06-20,20,Вторник,25,Июнь,6,2,2023,Лето,Да,Нет
20230621,2023-06-21,21,Среда,25,Июнь,6,2,2023,Лето,Да,Нет
20230622,2023-06-22,22,Четверг,25,Июнь,6,2,2023,Лето,Да,Нет
20230623,2023-06-23,23,Пятница,25,Июнь,6,2,2023,Лето,Да,Нет
20230624,2023-06-24,24,Суббота,25,Июнь,6,2,2023,Лето,Нет,Нет
20230625,2023-06-25,25,Воскресенье,25,Июнь,6,2,2023,Лето,Нет,Нет
20230626,2023-06-26,26,Понедельник,26,Июнь,6,2,2023,Лето,Да,Нет
20230627,2023-06-27,27,Вторник,26,Июнь,6,2,2023,Лето,Да,Нет
20230628,2023-06-28,28,Среда,26,Июнь,6,2,2023,Лето,Да,Нет
20230629,2023-06-29,29,Четверг,26,Июнь,6,2,2023,Лето,Да,Нет
20230630,2023-06-30,30,Пятница,26,Июнь,6,2,2023,Лето,Да,Нет
20230701,2023-07-01,1,Суббота,26,Июль,7,3,2023,Лето,Нет,Нет
20230702,2023-07-02,2,Воскресенье,26,Июль,7,3,2023,Лето,Нет,Нет
20230703,2023-07-03,3,Понедельник,27,Июль,7,3,2023,Лето,Да,Да
20230704,2023-07-04,4,Вторник,27,Июль,7,3,2023,Лето,Да,Нет
20230705,2023-07-05,5,Среда,27,Июль,7,3,2023,Лето,Да,Нет
20230706,2023-07-06,6,Четверг,27,Июль,7,3,2023,Лето,Да,Нет
20230707,2023-07-07,7,Пятница,27,Июль,7,3,2023,Лето,Да,Нет
20230708,2023-07-08,8,Суббота,27,Июль,7,3,2023,Лето,Нет,Нет
20230709,2023-07-09,9,Воскресенье,27,Июль,7,3,2023,Лето,Нет,Нет
20230710,2023-07-10,10,Понедельник,28,Июль,7,3,2023,Лето,Да,Нет
20230711,2023-07-11,11,Вторник,28,Июль,7,3,2023,Лето,Да,Нет
20230712,2023-07-12,12,Среда,28,Июль,7,3,2023,Лето,Да,Нет
20230713,2023-07-13,13,Четверг,28,Июль,7,3,2023,Лето,Да,Нет
20230714,2023-07-14,14,Пятница,28,Июль,7,3,2023,Лето,Да,Нет
20230715,2023-07-15,15,Суббота,28,Июль,7,3,2023,Лето,Нет,Нет
20230716,2023-07-16,16,Воскресенье,28,Июль,7,3,2023,Лето,Нет,Нет
20230717,2023-07-17,17,Понедельник,29,Июль,7,3,2023,Лето,Да,Нет
20230718,2023-07-18,18,Вторник,29,Июль,7,3,2023,Лето,Да,Нет
20230719,2023-07-19,19,Среда,29,Июль,7,3,2023,Лето,Да,Нет
20230720,2023-07-20,20,Четверг,29,Июль,7,3,2023,Лето,Да,Нет
20230721,2023-07-21,21,Пятница,29,Июль,7,3,2023,Лето,Да,Нет
20230722,2023-07-22,22,Суббота,29,Июль,7,3,2023,Лето,Нет,Нет
20230723,2023-07-23,23,Воскресенье,29,Июль,7,3,2023,Лето,Нет,Нет
20230724,2023-07-24,24,Понедельник,30,Июль,7,3,2023,Лето,Да,Нет
20230725,2023-07-25,25,Вторник,30,Июль,7,3,2023,Лето,Да,Нет
20230726,2023-07-26,26,Среда,30,Июль,7,3,2023,Лето,Да,Нет
20230727,2023-07-27,27,Четверг,30,Июль,7,3,2023,Лето,Да,Нет
20230728,2023-07-28,28,Пятница,30,Июль,7,3,2023,Лето,Да,Нет
20230729,2023-07-29,29,Суббота,30,Июль,7,3,2023,Лето,Нет,Нет
20230730,2023-07-30,30,Воскресенье,30,Июль,7,3,2023,Лето,Нет,Нет
20230731,2023-07-31,31,Понедельник,31,Июль,7,3,2023,Лето,Да,Нет
20230801,2023-08-01,1,Вторник,31,Август,8,3,2023,Лето,Да,Нет
20230802,2023-08-02,2,Среда,31,Август,8,3,2023,Лето,Да,Нет
20230803,2023-08-03,3,Четверг,31,Август,8,3,2023,Лето,Да,Нет
20230804,2023-08-04,4,Пятница,31,Август,8,3,2023,Лето,Да,Нет
20230805,2023-08-05,5,Суббота,31,Август,8,3,2023,Лето,Нет,Нет
20230806,2023-08-06,6,Воскресенье,31,Август,8,3,2023,Лето,Нет,Нет
20230807,2023-08-07,7,Понедельник,32,Август,8,3,2023,Лето,Да,Нет
20230808,2023-08-08,8,Вторник,32,Август,8,3,2023,Лето,Да,Нет
20230809,2023-08-09,9,Среда,32,Август,8,3,2023,Лето,Да,Нет
20230810,2023-08-10,10,Четверг,32,Август,8,3,2023,Лето,Да,Нет
20230811,2023-08-11,11,Пятница,32,Август,8,3,2023,Лето,Да,Нет
20230812,2023-08-12,12,Суббота,32,Август,8,3,2023,Лето,Нет,Нет
20230813,2023-08-13,13,Воскресенье,32,Август,8,3,2023,Лето,Нет,Нет
20230814,2023-08-14,14,Понедельник,33,Август,8,3,2023,Лето,Да,Нет
20230815,2023-08-15,15,Вторник,33,Август,8,3,2023,Лето,Да,Нет
20230816,2023-08-16,16,Среда,33,Август,8,3,2023,Лето,Да,Нет
20230817,2023-08-17,17,Четверг,33,Август,8,3,2023,Лето,Да,Нет
20230818,2023-08-18,18,Пятница,33,Август,8,3,2023,Лето,Да,Нет
20230819,2023-08-19,19,Суббота,33,Август,8,3,2023,Лето,Нет,Нет
20230820,2023-08-20,20,Воскресенье,33,Август,8,3,2023,Лето,Нет,Нет
20230821,2023-08-21,21,Понедельник,34,Август,8,3,2023,Лето,Да,Нет
20230822,2023-08-22,22,Вторник,34,Август,8,3,2023,Лето,Да,Нет
20230823,2023-08-23,23,Среда,34,Август,8,3,2023,Лето,Да,Нет
20230824,2023-08-24,24,Четверг,34,Август,8,3,2023,Лето,Да,Нет
20230825,2023-08-25,25,Пятница,34,Август,8,3,2023,Лето,Да,Нет
20230826,2023-08-26,26,Суббота,34,Август,8,3,2023,Лето,Нет,Нет
20230827,2023-08-27,27,Воскресенье,34,Август,8,3,2023,Лето,Нет,Нет
20230828,2023-08-28,28,Понедельник,35,Август,8,3,2023,Лето,Да,Нет
20230829,2023-08-29,29,Вторник,35,Август,8,3,2023,Лето,Да,Нет
20230830,2023-08-30,30,Среда,35,Август,8,3,2023,Лето,Да,Нет
20230831,2023-08-31,31,Четверг,35,Август,8,3,2023,Лето,Да,Нет
20230901,2023-09-01,1,Пятница,35,Сентябрь,9,3,2023,Осень,Да,Нет
20230902,2023-09-02,2,Суббота,35,Сентябрь,9,3,2023,Осень,Нет,Нет
20230903,2023-09-03,3,Воскресенье,35,Сентябрь,9,3,2023,Осень,Нет,Нет
20230904,2023-09-04,4,Понедельник,36,Сентябрь,9,3,2023,Осень,Да,Нет
20230905,2023-09-05,5,Вторник,36,Сентябрь,9,3,2023,Осень,Да,Нет
20230906,2023-09-06,6,Среда,36,Сентябрь,9,3,2023,Осень,Да,Нет
20230907,2023-09-07,7,Четверг,36,Сентябрь,9,3,2023,Осень,Да,Нет
20230908,2023-09-08,8,Пятница,36,Сентябрь,9,3,2023,Осень,Да,Нет
20230909,2023-09-09,9,Суббота,36,Сентябрь,9,3,2023,Осень,Нет,Нет
20230910,2023-09-10,10,Воскресенье,36,Сентябрь,9,3,2023,Осень,Нет,Нет
20230911,2023-09-11,11,Понедельник,37,Сентябрь,9,3,2023,Осень,Да,Нет
20230912,2023-09-12,12,Вторник,37,Сентябрь,9,3,2023,Осень,Да,Нет
20230913,2023-09-13,13,Среда,37,Сентябрь,9,3,2023,Осень,Да,Нет
20230914,2023-09-14,14,Четверг,37,Сентябрь,9,3,2023,Осень,Да,Нет
20230915,2023-09-15,15,Пятница,37,Сентябрь,9,3,2023,Осень,Да,Нет
20230916,2023-09-16,16,Суббота,37,Сентябрь,9,3,2023,Осень,Нет,Нет
20230917,2023-09-17,17,Воскресенье,37,Сентябрь,9,3,2023,Осень,Нет,Нет
20230918,2023-09-18,18,Понедельник,38,Сентябрь,9,3,2023,Осень,Да,Нет
20230919,2023-09-19,19,Вторник,38,Сентябрь,9,3,2023,Осень,Да,Нет
20230920,2023-09-20,20,Среда,38,Сентябрь,9,3,2023,Осень,Да,Нет
20230921,2023-09-21,21,Четверг,38,Сентябрь,9,3,2023,Осень,Да,Нет
20230922,2023-09-22,22,Пятница,38,Сентябрь,9,3,2023,Осень,Да,Нет
20230923,2023-09-23,23,Суббота,38,Сентябрь,9,3,2023,Осень,Нет,Нет
20230924,2023-09-24,24,Воскресенье,38,Сентябрь,9,3,2023,Осень,Нет,Нет
20230925,2023-09-25,25,Понедельник,39,Сентябрь,9,3,2023,Осень,Да,Нет
20230926,2023-09-26,26,Вторник,39,Сентябрь,9,3,2023,Осень,Да,Нет
20230927,2023-09-27,27,Среда,39,Сентябрь,9,3,2023,Осень,Да,Нет
20230928,2023-09-28,28,Четверг,39,Сентябрь,9,3,2023,Осень,Да,Нет
20230929,2023-09-29,29,Пятница,39,Сентябрь,9,3,2023,Осень,Да,Нет
20230930,2023-09-30,30,Суббота,39,Сентябрь,9,3,2023,Осень,Нет,Нет
20231001,2023-10-01,1,Воскресенье,39,Октябрь,10,4,2023,Осень,Нет,Нет
20231002,2023-10-02,2,Понедельник,40,Октябрь,10,4,2023,Осень,Да,Нет
20231003,2023-10-03,3,Вторник,40,Октябрь,10,4,2023,Осень,Да,Нет
20231004,2023-10-04,4,Среда,40,Октябрь,10,4,2023,Осень,Да,Нет
20231005,2023-10-05,5,Четверг,40,Октябрь,10,4,2023,Осень,Да,Нет
20231006,2023-10-06,6,Пятница,40,Октябрь,10,4,2023,Осень,Да,Нет
20231007,2023-10-07,7,Суббота,40,Октябрь,10,4,2023,Осень,Нет,Нет
20231008,2023-10-08,8,Воскресенье,40,Октябрь,10,4,2023,Осень,Нет,Нет
20231009,2023-10-09,9,Понедельник,41,Октябрь,10,4,2023,Осень,Да,Нет
20231010,2023-10-10,10,Вторник,41,Октябрь,10,4,2023,Осень,Да,Нет
20231011,2023-10-11,11,Среда,41,Октябрь,10,4,2023,Осень,Да,Нет
20231012,2023-10-12,12,Четверг,41,Октябрь,10,4,2023,Осень,Да,Нет
20231013,2023-10-13,13,Пятница,41,Октябрь,10,4,2023,Осень,Да,Нет
20231014,2023-10-14,14,Суббота,41,Октябрь,10,4,2023,Осень,Нет,Нет
20231015,2023-10-15,15,Воскресенье,41,Октябрь,10,4,2023,Осень,Нет,Нет
20231016,2023-10-16,16,Понедельник,42,Октябрь,10,4,2023,Осень,Да,Нет
20231017,2023-10-17,17,Вторник,42,Октябрь,10,4,2023,Осень,Да,Нет
20231018,2023-10-18,18,Среда,42,Октябрь,10,4,2023,Осень,Да,Нет
20231019,2023-10-19,19,Четверг,42,Октябрь,10,4,2023,Осень,Да,Нет
20231020,2023-10-20,20,Пятница,42,Октябрь,10,4,2023,Осень,Да,Нет
20231021,2023-10-21,21,Суббота,42,Октябрь,10,4,2023,Осень,Нет,Нет
20231022,2023-10-22,22,Воскресенье,42,Октябрь,10,4,2023,Осень,Нет,Нет
20231023,2023-10-23,23,Понедельник,43,Октябрь,10,4,2023,Осень,Да,Нет
20231024,2023-10-24,24,Вторник,43,Октябрь,10,4,2023,Осень,Да,Нет
20231025,2023-10-25,25,Среда,43,Октябрь,10,4,2023,Осень,Да,Нет
20231026,2023-10-26,26,Четверг,43,Октябрь,10,4,2023,Осень,Да,Нет
20231027,2023-10-27,27,Пятница,43,Октябрь,10,4,2023,Осень,Да,Нет
20231028,2023-10-28,28,Суббота,43,Октябрь,10,4,2023,Осень,Нет,Нет
20231029,2023-10-29,29,Воскресенье,43,Октябрь,10,4,2023,Осень,Нет,Нет
20231030,2023-10-30,30,Понедельник,44,Октябрь,10,4,2023,Осень,Да,Нет
20231031,2023-10-31,31,Вторник,44,Октябрь,10,4,2023,Осень,Да,Нет
20231101,2023-11-01,1,Среда,44,Ноябрь,11,4,2023,Осень,Да,Нет
20231102,2023-11-02,2,Четверг,44,Ноябрь,11,4,2023,Осень,Да,Нет
20231103,2023-11-03,3,Пятница,44,Ноябрь,11,4,2023,Осень,Да,Нет
20231104,2023-11-04,4,Суббота,44,Ноябрь,11,4,2023,Осень,Нет,Нет
20231105,2023-11-05,5,Воскресенье,44,Ноябрь,11,4,2023,Осень,Нет,Нет
20231106,2023-11-06,6,Понедельник,45,Ноябрь,11,4,2023,Осень,Да,Нет
20231107,2023-11-07,7,Вторник,45,Ноябрь,11,4,2023,Осень,Да,Да
20231108,2023-11-08,8,Среда,45,Ноябрь,11,4,2023,Осень,Да,Нет
20231109,2023-11-09,9,Четверг,45,Ноябрь,11,4,2023,Осень,Да,Нет
20231110,2023-11-10,10,Пятница,45,Ноябрь,11,4,2023,Осень,Да,Нет
20231111,2023-11-11,11,Суббота,45,Ноябрь,11,4,2023,Осень,Нет,Нет
20231112,2023-11-12,12,Воскресенье,45,Ноябрь,11,4,2023,Осень,Нет,Нет
20231113,2023-11-13,13,Понедельник,46,Ноябрь,11,4,2023,Осень,Да,Нет
20231114,2023-11-14,14,Вторник,46,Ноябрь,11,4,2023,Осень,Да,Нет
20231115,2023-11-15,15,Среда,46,Ноябрь,11,4,2023,Осень,Да,Нет
20231116,2023-11-16,16,Четверг,46,Ноябрь,11,4,2023,Осень,Да,Нет
20231117,2023-11-17,17,Пятница,46,Ноябрь,11,4,2023,Осень,Да,Нет
20231118,2023-11-18,18,Суббота,46,Ноябрь,11,4,2023,Осень,Нет,Нет
20231119,2023-11-19,19,Воскресенье,46,Ноябрь,11,4,2023,Осень,Нет,Нет
20231120,2023-11-20,20,Понедельник,47,Ноябрь,11,4,2023,Осень,Да,Нет
20231121,2023-11-21,21,Вторник,47,Ноябрь,11,4,2023,Осень,Да,Нет
20231122,2023-11-22,22,Среда,47,Ноябрь,11,4,2023,Осень,Да,Нет
20231123,2023-11-23,23,Четверг,47,Ноябрь,11,4,2023,Осень,Да,Нет
20231124,2023-11-24,24,Пятница,47,Ноябрь,11,4,2023,Осень,Да,Нет
20231125,2023-11-25,25,Суббота,47,Ноябрь,11,4,2023,Осень,Нет,Нет
20231126,2023-11-26,26,Воскресенье,47,Ноябрь,11,4,2023,Осень,Нет,Нет
20231127,2023-11-27,27,Понедельник,48,Ноябрь,11,4,2023,Осень,Да,Нет
20231128,2023-11-28,28,Вторник,48,Ноябрь,11,4,2023,Осень,Да,Нет
20231129,2023-11-29,29,Среда,48,Ноябрь,11,4,2023,Осень,Да,Нет
20231130,2023-11-30,30,Четверг,48,Ноябрь,11,4,2023,Осень,Да,Нет
20231201,2023-12-01,1,Пятница,48,Декабрь,12,4,2023,Зима,Да,Нет
20231202,2023-12-02,2,Суббота,48,Декабрь,12,4,2023,Зима,Нет,Нет
20231203,2023-12-03,3,Воскресенье,48,Декабрь,12,4,2023,Зима,Нет,Нет
20231204,2023-12-04,4,Понедельник,49,Декабрь,12,4,2023,Зима,Да,Нет
20231205,2023-12-05,5,Вторник,49,Декабрь,12,4,2023,Зима,Да,Нет
20231206,2023-12-06,6,Среда,49,Декабрь,12,4,2023,Зима,Да,Нет
20231207,2023-12-07,7,Четверг,49,Декабрь,12,4,2023,Зима,Да,Нет
20231208,2023-12-08,8,Пятница,49,Декабрь,12,4,2023,Зима,Да,Нет
20231209,2023-12-09,9,Суббота,49,Декабрь,12,4,2023,Зима,Нет,Нет
20231210,2023-12-10,10,Воскресенье,49,Декабрь,12,4,2023,Зима,Нет,Нет
20231211,2023-12-11,11,Понедельник,50,Декабрь,12,4,2023,Зима,Да,Нет
20231212,2023-12-12,12,Вторник,50,Декабрь,12,4,2023,Зима,Да,Нет
20231213,2023-12-13,13,Среда,50,Декабрь,12,4,2023,Зима,Да,Нет
20231214,2023-12-14,14,Четверг,50,Декабрь,12,4,2023,Зима,Да,Нет
20231215,2023-12-15,15,Пятница,50,Декабрь,12,4,2023,Зима,Да,Нет
20231216,2023-12-16,16,Суббота,50,Декабрь,12,4,2023,Зима,Нет,Нет
20231217,2023-12-17,17,Воскресенье,50,Декабрь,12,4,2023,Зима,Нет,Нет
20231218,2023-12-18,18,Понедельник,51,Декабрь,12,4,2023,Зима,Да,Нет
20231219,2023-12-19,19,Вторник,51,Декабрь,12,4,2023,Зима,Да,Нет
20231220,2023-12-20,20,Среда,51,Декабрь,12,4,2023,Зима,Да,Нет
20231221,2023-12-21,21,Четверг,51,Декабрь,12,4,2023,Зима,Да,Нет
20231222,2023-12-22,22,Пятница,51,Декабрь,12,4,2023,Зима,Да,Нет
20231223,2023-12-23,23,Суббота,51,Декабрь,12,4,2023,Зима,Нет,Нет
20231224,2023-12-24,24,Воскресенье,51,Декабрь,12,4,2023,Зима,Нет,Нет
20231225,2023-12-25,25,Понедельник,52,Декабрь,12,4,2023,Зима,Да,Да
20231226,2023-12-26,26,Вторник,52,Декабрь,12,4,2023,Зима,Да,Нет
20231227,2023-12-27,27,Среда,52,Декабрь,12,4,2023,Зима,Да,Нет
20231228,2023-12-28,28,Четверг,52,Декабрь,12,4,2023,Зима,Да,Нет
20231229,2023-12-29,29,Пятница,52,Декабрь,12,4,2023,Зима,Да,Нет
20231230,2023-12-30,30,Суббота,52,Декабрь,12,4,2023,Зима,Нет,Нет
20231231,2023-12-31,31,Воскресенье,52,Декабрь,12,4,2023,Зима,Нет,Нет
20240101,2024-01-01,1,Понедельник,1,Январь,1,1,2024,Зима,Да,Да
20240102,2024-01-02,2,Вторник,1,Январь,1,1,2024,Зима,Да,Да
20240103,2024-01-03,3,Среда,1,Январь,1,1,2024,Зима,Да,Нет
20240104,2024-01-04,4,Четверг,1,Январь,1,1,2024,Зима,Да,Нет
20240105,2024-01-05,5,Пятница,1,Январь,1,1,2024,Зима,Да,Нет
20240106,2024-01-06,6,Суббота,1,Январь,1,1,2024,Зима,Нет,Нет
20240107,2024-01-07,7,Воскресенье,1,Январь,1,1,2024,Зима,Нет,Да
20240108,2024-01-08,8,Понедельник,2,Январь,1,1,2024,Зима,Да,Нет
20240109,2024-01-09,9,Вторник,2,Январь,1,1,2024,Зима,Да,Нет
20240110,2024-01-10,10,Среда,2,Январь,1,1,2024,Зима,Да,Нет
20240111,2024-01-11,11,Четверг,2,Январь,1,1,2024,Зима,Да,Нет
20240112,2024-01-12,12,Пятница,2,Январь,1,1,2024,Зима,Да,Нет
20240113,2024-01-13,13,Суббота,2,Январь,1,1,2024,Зима,Нет,Нет
20240114,2024-01-14,14,Воскресенье,2,Январь,1,1,2024,Зима,Нет,Нет
20240115,2024-01-15,15,Понедельник,3,Январь,1,1,2024,Зима,Да,Нет
20240116,2024-01-16,16,Вторник,3,Январь,1,1,2024,Зима,Да,Нет
20240117,2024-01-17,17,Среда,3,Январь,1,1,2024,Зима,Да,Нет
20240118,2024-01-18,18,Четверг,3,Январь,1,1,2024,Зима,Да,Нет
20240119,2024-01-19,19,Пятница,3,Январь,1,1,2024,Зима,Да,Нет
20240120,2024-01-20,20,Суббота,3,Январь,1,1,2024,Зима,Нет,Нет
20240121,2024-01-21,21,Воскресенье,3,Январь,1,1,2024,Зима,Нет,Нет
20240122,2024-01-22,22,Понедельник,4,Январь,1,1,2024,Зима,Да,Нет
20240123,2024-01-23,23,Вторник,4,Январь,1,1,2024,Зима,Да,Нет
20240124,2024-01-24,24,Среда,4,Январь,1,1,2024,Зима,Да,Нет
20240125,2024-01-25,25,Четверг,4,Январь,1,1,2024,Зима,Да,Нет
20240126,2024-01-26,26,Пятница,4,Январь,1,1,2024,Зима,Да,Нет
20240127,2024-01-27,27,Суббота,4,Январь,1,1,2024,Зима,Нет,Нет
20240128,2024-01-28,28,Воскресенье,4,Январь,1,1,2024,Зима,Нет,Нет
20240129,2024-01-29,29,Понедельник,5,Январь,1,1,2024,Зима,Да,Нет
20240130,2024-01-30,30,Вторник,5,Январь,1,1,2024,Зима,Да,Нет
20240131,2024-01-31,31,Среда,5,Январь,1,1,2024,Зима,Да,Нет
20240201,2024-02-01,1,Четверг,5,Февраль,2,1,2024,Зима,Да,Нет
20240202,2024-02-02,2,Пятница,5,Февраль,2,1,2024,Зима,Да,Нет
20240203,2024-02-03,3,Суббота,5,Февраль,2,1,2024,Зима,Нет,Нет
20240204,2024-02-04,4,Воскресенье,5,Февраль,2,1,2024,Зима,Нет,Нет
20240205,2024-02-05,5,Понедельник,6,Февраль,2,1,2024,Зима,Да,Нет
20240206,2024-02-06,6,Вторник,6,Февраль,2,1,2024,Зима,Да,Нет
20240207,2024-02-07,7,Среда,6,Февраль,2,1,2024,Зима,Да,Нет
20240208,2024-02-08,8,Четверг,6,Февраль,2,1,2024,Зима,Да,Нет
20240209,2024-02-09,9,Пятница,6,Февраль,2,1,2024,Зима,Да,Нет
20240210,2024-02-10,10,Суббота,6,Февраль,2,1,2024,Зима,Нет,Нет
20240211,2024-02-11,11,Воскресенье,6,Февраль,2,1,2024,Зима,Нет,Нет
20240212,2024-02-12,12,Понедельник,7,Февраль,2,1,2024,Зима,Да,Нет
20240213,2024-02-13,13,Вторник,7,Февраль,2,1,2024,Зима,Да,Нет
20240214,2024-02-14,14,Среда,7,Февраль,2,1,2024,Зима,Да,Нет
20240215,2024-02-15,15,Четверг,7,Февраль,2,1,2024,Зима,Да,Нет
20240216,2024-02-16,16,Пятница,7,Февраль,2,1,2024,Зима,Да,Нет
20240217,2024-02-17,17,Суббота,7,Февраль,2,1,2024,Зима,Нет,Нет
20240218,2024-02-18,18,Воскресенье,7,Февраль,2,1,2024,Зима,Нет,Нет
20240219,2024-02-19,19,Понедельник,8,Февраль,2,1,2024,Зима,Да,Нет
20240220,2024-02-20,20,Вторник,8,Февраль,2,1,2024,Зима,Да,Нет
20240221,2024-02-21,21,Среда,8,Февраль,2,1,2024,Зима,Да,Нет
20240222,2024-02-22,22,Четверг,8,Февраль,2,1,2024,Зима,Да,Нет
20240223,2024-02-23,23,Пятница,8,Февраль,2,1,2024,Зима,Да,Нет
20240224,2024-02-24,24,Суббота,8,Февраль,2,1,2024,Зима,Нет,Нет
20240225,2024-02-25,25,Воскресенье,8,Февраль,2,1,2024,Зима,Нет,Нет
20240226,2024-02-26,26,Понедельник,9,Февраль,2,1,2024,Зима,Да,Нет
20240227,2024-02-27,27,Вторник,9,Февраль,2,1,2024,Зима,Да,Нет
20240228,2024-02-28,28,Среда,9,Февраль,2,1,2024,Зима,Да,Нет
20240229,2024-02-29,29,Четверг,9,Февраль,2,1,2024,Зима,Да,Нет
20240301,2024-03-01,1,Пятница,9,Март,3,1,2024,Весна,Да,Нет
20240302,2024-03-02,2,Суббота,9,Март,3,1,2024,Весна,Нет,Нет
20240303,2024-03-03,3,Воскресенье,9,Март,3,1,2024,Весна,Нет,Нет
20240304,2024-03-04,4,Понедельник,10,Март,3,1,2024,Весна,Да,Нет
20240305,2024-03-05,5,Вторник,10,Март,3,1,2024,Весна,Да,Нет
20240306,2024-03-06,6,Среда,10,Март,3,1,2024,Весна,Да,Нет
20240307,2024-03-07,7,Четверг,10,Март,3,1,2024,Весна,Да,Нет
20240308,2024-03-08,8,Пятница,10,Март,3,1,2024,Весна,Да,Да
20240309,2024-03-09,9,Суббота,10,Март,3,1,2024,Весна,Нет,Нет
20240310,2024-03-10,10,Воскресенье,10,Март,3,1,2024,Весна,Нет,Нет
20240311,2024-03-11,11,Понедельник,11,Март,3,1,2024,Весна,Да,Нет
20240312,2024-03-12,12,Вторник,11,Март,3,1,2024,Весна,Да,Нет
20240313,2024-03-13,13,Среда,11,Март,3,1,2024,Весна,Да,Нет
20240314,2024-03-14,14,Четверг,11,Март,3,1,2024,Весна,Да,Нет
20240315,2024-03-15,15,Пятница,11,Март,3,1,2024,Весна,Да,Нет
20240316,2024-03-16,16,Суббота,11,Март,3,1,2024,Весна,Нет,Нет
20240317,2024-03-17,17,Воскресенье,11,Март,3,1,2024,Весна,Нет,Нет
20240318,2024-03-18,18,Понедельник,12,Март,3,1,2024,Весна,Да,Нет
20240319,2024-03-19,19,Вторник,12,Март,3,1,2024,Весна,Да,Нет
20240320,2024-03-20,20,Среда,12,Март,3,1,2024,Весна,Да,Нет
20240321,2024-03-21,21,Четверг,12,Март,3,1,2024,Весна,Да,Нет
20240322,2024-03-22,22,Пятница,12,Март,3,1,2024,Весна,Да,Нет
20240323,2024-03-23,23,Суббота,12,Март,3,1,2024,Весна,Нет,Нет
20240324,2024-03-24,24,Воскресенье,12,Март,3,1,2024,Весна,Нет,Нет
20240325,2024-03-25,25,Понедельник,13,Март,3,1,2024,Весна,Да,Нет
20240326,2024-03-26,26,Вторник,13,Март,3,1,2024,Весна,Да,Нет
20240327,2024-03-27,27,Среда,13,Март,3,1,2024,Весна,Да,Нет
20240328,2024-03-28,28,Четверг,13,Март,3,1,2024,Весна,Да,Нет
20240329,2024-03-29,29,Пятница,13,Март,3,1,2024,Весна,Да,Нет
20240330,2024-03-30,30,Суббота,13,Март,3,1,2024,Весна,Нет,Нет
20240331,2024-03-31,31,Воскресенье,13,Март,3,1,2024,Весна,Нет,Нет
20240401,2024-04-01,1,Понедельник,14,Апрель,4,2,2024,Весна,Да,Нет
20240402,2024-04-02,2,Вторник,14,Апрель,4,2,2024,Весна,Да,Нет
20240403,2024-04-03,3,Среда,14,Апрель,4,2,2024,Весна,Да,Нет
20240404,2024-04-04,4,Четверг,14,Апрель,4,2,2024,Весна,Да,Нет
20240405,2024-04-05,5,Пятница,14,Апрель,4,2,2024,Весна,Да,Нет
20240406,2024-04-06,6,Суббота,14,Апрель,4,2,2024,Весна,Нет,Нет
20240407,2024-04-07,7,Воскресенье,14,Апрель,4,2,2024,Весна,Нет,Нет
20240408,2024-04-08,8,Понедельник,15,Апрель,4,2,2024,Весна,Да,Нет
20240409,2024-04-09,9,Вторник,15,Апрель,4,2,2024,Весна,Да,Нет
20240410,2024-04-10,10,Среда,15,Апрель,4,2,2024,Весна,Да,Нет
20240411,2024-04-11,11,Четверг,15,Апрель,4,2,2024,Весна,Да,Нет
20240412,2024-04-12,12,Пятница,15,Апрель,4,2,2024,Весна,Да,Нет
20240413,2024-04-13,13,Суббота,15,Апрель,4,2,2024,Весна,Нет,Нет
20240414,2024-04-14,14,Воскресенье,15,Апрель,4,2,2024,Весна,Нет,Нет
20240415,2024-04-15,15,Понедельник,16,Апрель,4,2,2024,Весна,Да,Нет
20240416,2024-04-16,16,Вторник,16,Апрель,4,2,2024,Весна,Да,Нет
20240417,2024-04-17,17,Среда,16,Апрель,4,2,2024,Весна,Да,Нет
20240418,2024-04-18,18,Четверг,16,Апрель,4,2,2024,Весна,Да,Нет
20240419,2024-04-19,19,Пятница,16,Апрель,4,2,2024,Весна,Да,Нет
20240420,2024-04-20,20,Суббота,16,Апрель,4,2,2024,Весна,Нет,Нет
20240421,2024-04-21,21,Воскресенье,16,Апрель,4,2,2024,Весна,Нет,Нет
20240422,2024-04-22,22,Понедельник,17,Апрель,4,2,2024,Весна,Да,Нет
20240423,2024-04-23,23,Вторник,17,Апрель,4,2,2024,Весна,Да,Нет
20240424,2024-04-24,24,Среда,17,Апрель,4,2,2024,Весна,Да,Нет
20240425,2024-04-25,25,Четверг,17,Апрель,4,2,2024,Весна,Да,Нет
20240426,2024-04-26,26,Пятница,17,Апрель,4,2,2024,Весна,Да,Нет
20240427,2024-04-27,27,Суббота,17,Апрель,4,2,2024,Весна,Нет,Нет
20240428,2024-04-28,28,Воскресенье,17,Апрель,4,2,2024,Весна,Нет,Нет
20240429,2024-04-29,29,Понедельник,18,Апрель,4,2,2024,Весна,Да,Нет
20240430,2024-04-30,30,Вторник,18,Апрель,4,2,2024,Весна,Да,Нет
20240501,2024-05-01,1,Среда,18,Май,5,2,2024,Весна,Да,Да
20240502,2024-05-02,2,Четверг,18,Май,5,2,2024,Весна,Да,Нет
20240503,2024-05-03,3,Пятница,18,Май,5,2,2024,Весна,Да,Нет
20240504,2024-05-04,4,Суббота,18,Май,5,2,2024,Весна,Нет,Нет
20240505,2024-05-05,5,Воскресенье,18,Май,5,2,2024,Весна,Нет,Нет
20240506,2024-05-06,6,Понедельник,19,Май,5,2,2024,Весна,Да,Нет
20240507,2024-05-07,7,Вторник,19,Май,5,2,2024,Весна,Да,Нет
20240508,2024-05-08,8,Среда,19,Май,5,2,2024,Весна,Да,Нет
20240509,2024-05-09,9,Четверг,19,Май,5,2,2024,Весна,Да,Да
20240510,2024-05-10,10,Пятница,19,Май,5,2,2024,Весна,Да,Нет
20240511,2024-05-11,11,Суббота,19,Май,5,2,2024,Весна,Нет,Нет
20240512,2024-05-12,12,Воскресенье,19,Май,5,2,2024,Весна,Нет,Нет
20240513,2024-05-13,13,Понедельник,20,Май,5,2,2024,Весна,Да,Нет
20240514,2024-05-14,14,Вторник,20,Май,5,2,2024,Весна,Да,Нет
20240515,2024-05-15,15,Среда,20,Май,5,2,2024,Весна,Да,Нет
20240516,2024-05-16,16,Четверг,20,Май,5,2,2024,Весна,Да,Нет
20240517,2024-05-17,17,Пятница,20,Май,5,2,2024,Весна,Да,Нет
20240518,2024-05-18,18,Суббота,20,Май,5,2,2024,Весна,Нет,Нет
20240519,2024-05-19,19,Воскресенье,20,Май,5,2,2024,Весна,Нет,Нет
20240520,2024-05-20,20,Понедельник,21,Май,5,2,2024,Весна,Да,Нет
20240521,2024-05-21,21,Вторник,21,Май,5,2,2024,Весна,Да,Нет
20240522,2024-05-22,22,Среда,21,Май,5,2,2024,Весна,Да,Нет
20240523,2024-05-23,23,Четверг,21,Май,5,2,2024,Весна,Да,Нет
20240524,2024-05-24,24,Пятница,21,Май,5,2,2024,Весна,Да,Нет
20240525,2024-05-25,25,Суббота,21,Май,5,2,2024,Весна,Нет,Нет
20240526,2024-05-26,26,Воскресенье,21,Май,5,2,2024,Весна,Нет,Нет
20240527,2024-05-27,27,Понедельник,22,Май,5,2,2024,Весна,Да,Нет
20240528,2024-05-28,28,Вторник,22,Май,5,2,2024,Весна,Да,Нет
20240529,2024-05-29,29,Среда,22,Май,5,2,2024,Весна,Да,Нет
20240530,2024-05-30,30,Четверг,22,Май,5,2,2024,Весна,Да,Нет
20240531,2024-05-31,31,Пятница,22,Май,5,2,2024,Весна,Да,Нет
20240601,2024-06-01,1,Суббота,22,Июнь,6,2,2024,Лето,Нет,Нет
20240602,2024-06-02,2,Воскресенье,22,Июнь,6,2,2024,Лето,Нет,Нет
20240603,2024-06-03,3,Понедельник,23,Июнь,6,2,2024,Лето,Да,Нет
20240604,2024-06-04,4,Вторник,23,Июнь,6,2,2024,Лето,Да,Нет
20240605,2024-06-05,5,Среда,23,Июнь,6,2,2024,Лето,Да,Нет
20240606,2024-06-06,6,Четверг,23,Июнь,6,2,2024,Лето,Да,Нет
20240607,2024-06-07,7,Пятница,23,Июнь,6,2,2024,Лето,Да,Нет
20240608,2024-06-08,8,Суббота,23,Июнь,6,2,2024,Лето,Нет,Нет
20240609,2024-06-09,9,Воскресенье,23,Июнь,6,2,2024,Лето,Нет,Нет
20240610,2024-06-10,10,Понедельник,24,Июнь,6,2,2024,Лето,Да,Нет
20240611,2024-06-11,11,Вторник,24,Июнь,6,2,2024,Лето,Да,Нет
20240612,2024-06-12,12,Среда,24,Июнь,6,2,2024,Лето,Да,Нет
20240613,2024-06-13,13,Четверг,24,Июнь,6,2,2024,Лето,Да,Нет
20240614,2024-06-14,14,Пятница,24,Июнь,6,2,2024,Лето,Да,Нет
20240615,2024-06-15,15,Суббота,24,Июнь,6,2,2024,Лето,Нет,Нет
20240616,2024-06-16,16,Воскресенье,24,Июнь,6,2,2024,Лето,Нет,Нет
20240617,2024-06-17,17,Понедельник,25,Июнь,6,2,2024,Лето,Да,Нет
20240618,2024-06-18,18,Вторник,25,Июнь,6,2,2024,Лето,Да,Нет
20240619,2024-06-19,19,Среда,25,Июнь,6,2,2024,Лето,Да,Нет
20240620,2024-06-20,20,Четверг,25,Июнь,6,2,2024,Лето,Да,Нет
20240621,2024-06-21,21,Пятница,25,Июнь,6,2,2024,Лето,Да,Нет
20240622,2024-06-22,22,Суббота,25,Июнь,6,2,2024,Лето,Нет,Нет
20240623,2024-06-23,23,Воскресенье,25,Июнь,6,2,2024,Лето,Нет,Нет
20240624,2024-06-24,24,Понедельник,26,Июнь,6,2,2024,Лето,Да,Нет
20240625,2024-06-25,25,Вторник,26,Июнь,6,2,2024,Лето,Да,Нет
20240626,2024-06-26,26,Среда,26,Июнь,6,2,2024,Лето,Да,Нет
20240627,2024-06-27,27,Четверг,26,Июнь,6,2,2024,Лето,Да,Нет
20240628,2024-06-28,28,Пятница,26,Июнь,6,2,2024,Лето,Да,Нет
20240629,2024-06-29,29,Суббота,26,Июнь,6,2,2024,Лето,Нет,Нет
20240630,2024-06-30,30,Воскресенье,26,Июнь,6,2,2024,Лето,Нет,Нет
20240701,2024-07-01,1,Понедельник,27,Июль,7,3,2024,Лето,Да,Нет
20240702,2024-07-02,2,Вторник,27,Июль,7,3,2024,Лето,Да,Нет
20240703,2024-07-03,3,Среда,27,Июль,7,3,2024,Лето,Да,Да
20240704,2024-07-04,4,Четверг,27,Июль,7,3,2024,Лето,Да,Нет
20240705,2024-07-05,5,Пятница,27,Июль,7,3,2024,Лето,Да,Нет
20240706,2024-07-06,6,Суббота,27,Июль,7,3,2024,Лето,Нет,Нет
20240707,2024-07-07,7,Воскресенье,27,Июль,7,3,2024,Лето,Нет,Нет
20240708,2024-07-08,8,Понедельник,28,Июль,7,3,2024,Лето,Да,Нет
20240709,2024-07-09,9,Вторник,28,Июль,7,3,2024,Лето,Да,Нет
20240710,2024-07-10,10,Среда,28,Июль,7,3,2024,Лето,Да,Нет
20240711,2024-07-11,11,Четверг,28,Июль,7,3,2024,Лето,Да,Нет
20240712,2024-07-12,12,Пятница,28,Июль,7,3,2024,Лето,Да,Нет
20240713,2024-07-13,13,Суббота,28,Июль,7,3,2024,Лето,Нет,Нет
20240714,2024-07-14,14,Воскресенье,28,Июль,7,3,2024,Лето,Нет,Нет
20240715,2024-07-15,15,Понедельник,29,Июль,7,3,2024,Лето,Да,Нет
20240716,2024-07-16,16,Вторник,29,Июль,7,3,2024,Лето,Да,Нет
20240717,2024-07-17,17,Среда,29,Июль,7,3,2024,Лето,Да,Нет
20240718,2024-07-18,18,Четверг,29,Июль,7,3,2024,Лето,Да,Нет
20240719,2024-07-19,19,Пятница,29,Июль,7,3,2024,Лето,Да,Нет
20240720,2024-07-20,20,Суббота,29,Июль,7,3,2024,Лето,Нет,Нет
20240721,2024-07-21,21,Воскресенье,29,Июль,7,3,2024,Лето,Нет,Нет
20240722,2024-07-22,22,Понедельник,30,Июль,7,3,2024,Лето,Да,Нет
20240723,2024-07-23,23,Вторник,30,Июль,7,3,2024,Лето,Да,Нет
20240724,2024-07-24,24,Среда,30,Июль,7,3,2024,Лето,Да,Нет
20240725,2024-07-25,25,Четверг,30,Июль,7,3,2024,Лето,Да,Нет
20240726,2024-07-26,26,Пятница,30,Июль,7,3,2024,Лето,Да,Нет
20240727,2024-07-27,27,Суббота,30,Июль,7,3,2024,Лето,Нет,Нет
20240728,2024-07-28,28,Воскресенье,30,Июль,7,3,2024,Лето,Нет,Нет
20240729,2024-07-29,29,Понедельник,31,Июль,7,3,2024,Лето,Да,Нет
20240730,2024-07-30,30,Вторник,31,Июль,7,3,2024,Лето,Да,Нет
20240731,2024-07-31,31,Среда,31,Июль,7,3,2024,Лето,Да,Нет
20240801,2024-08-01,1,Четверг,31,Август,8,3,2024,Лето,Да,Нет
20240802,2024-08-02,2,Пятница,31,Август,8,3,2024,Лето,Да,Нет
20240803,2024-08-03,3,Суббота,31,Август,8,3,2024,Лето,Нет,Нет
20240804,2024-08-04,4,Воскресенье,31,Август,8,3,2024,Лето,Нет,Нет
20240805,2024-08-05,5,Понедельник,32,Август,8,3,2024,Лето,Да,Нет
20240806,2024-08-06,6,Вторник,32,Август,8,3,2024,Лето,Да,Нет
20240807,2024-08-07,7,Среда,32,Август,8,3,2024,Лето,Да,Нет
20240808,2024-08-08,8,Четверг,32,Август,8,3,2024,Лето,Да,Нет
20240809,2024-08-09,9,Пятница,32,Август,8,3,2024,Лето,Да,Нет
20240810,2024-08-10,10,Суббота,32,Август,8,3,2024,Лето,Нет,Нет
20240811,2024-08-11,11,Воскресенье,32,Август,8,3,2024,Лето,Нет,Нет
20240812,2024-08-12,12,Понедельник,33,Август,8,3,2024,Лето,Да,Нет
20240813,2024-08-13,13,Вторник,33,Август,8,3,2024,Лето,Да,Нет
20240814,2024-08-14,14,Среда,33,Август,8,3,2024,Лето,Да,Нет
20240815,2024-08-15,15,Четверг,33,Август,8,3,2024,Лето,Да,Нет
20240816,2024-08-16,16,Пятница,33,Август,8,3,2024,Лето,Да,Нет
20240817,2024-08-17,17,Суббота,33,Август,8,3,2024,Лето,Нет,Нет
20240818,2024-08-18,18,Воскресенье,33,Август,8,3,2024,Лето,Нет,Нет
20240819,2024-08-19,19,Понедельник,34,Август,8,3,2024,Лето,Да,Нет
20240820,2024-08-20,20,Вторник,34,Август,8,3,2024,Лето,Да,Нет
20240821,2024-08-21,21,Среда,34,Август,8,3,2024,Лето,Да,Нет
20240822,2024-08-22,22,Четверг,34,Август,8,3,2024,Лето,Да,Нет
20240823,2024-08-23,23,Пятница,34,Август,8,3,2024,Лето,Да,Нет
20240824,2024-08-24,24,Суббота,34,Август,8,3,2024,Лето,Нет,Нет
20240825,2024-08-25,25,Воскресенье,34,Август,8,3,2024,Лето,Нет,Нет
20240826,2024-08-26,26,Понедельник,35,Август,8,3,2024,Лето,Да,Нет
20240827,2024-08-27,27,Вторник,35,Август,8,3,2024,Лето,Да,Нет
20240828,2024-08-28,28,Среда,35,Август,8,3,2024,Лето,Да,Нет
20240829,2024-08-29,29,Четверг,35,Август,8,3,2024,Лето,Да,Нет
20240830,2024-08-30,30,Пятница,35,Август,8,3,2024,Лето,Да,Нет
20240831,2024-08-31,31,Суббота,35,Август,8,3,2024,Лето,Нет,Нет
20240901,2024-09-01,1,Воскресенье,35,Сентябрь,9,3,2024,Осень,Нет,Нет
20240902,2024-09-02,2,Понедельник,36,Сентябрь,9,3,2024,Осень,Да,Нет
20240903,2024-09-03,3,Вторник,36,Сентябрь,9,3,2024,Осень,Да,Нет
20240904,2024-09-04,4,Среда,36,Сентябрь,9,3,2024,Осень,Да,Нет
20240905,2024-09-05,5,Четверг,36,Сентябрь,9,3,2024,Осень,Да,Нет
20240906,2024-09-06,6,Пятница,36,Сентябрь,9,3,2024,Осень,Да,Нет
20240907,2024-09-07,7,Суббота,36,Сентябрь,9,3,2024,Осень,Нет,Нет
20240908,2024-09-08,8,Воскресенье,36,Сентябрь,9,3,2024,Осень,Нет,Нет
20240909,2024-09-09,9,Понедельник,37,Сентябрь,9,3,2024,Осень,Да,Нет
20240910,2024-09-10,10,Вторник,37,Сентябрь,9,3,2024,Осень,Да,Нет
20240911,2024-09-11,11,Среда,37,Сентябрь,9,3,2024,Осень,Да,Нет
20240912,2024-09-12,12,Четверг,37,Сентябрь,9,3,2024,Осень,Да,Нет
20240913,2024-09-13,13,Пятница,37,Сентябрь,9,3,2024,Осень,Да,Нет
20240914,2024-09-14,14,Суббота,37,Сентябрь,9,3,2024,Осень,Нет,Нет
20240915,2024-09-15,15,Воскресенье,37,Сентябрь,9,3,2024,Осень,Нет,Нет
20240916,2024-09-16,16,Понедельник,38,Сентябрь,9,3,2024,Осень,Да,Нет
20240917,2024-09-17,17,Вторник,38,Сентябрь,9,3,2024,Осень,Да,Нет
20240918,2024-09-18,18,Среда,38,Сентябрь,9,3,2024,Осень,Да,Нет
20240919,2024-09-19,19,Четверг,38,Сентябрь,9,3,2024,Осень,Да,Нет
20240920,2024-09-20,20,Пятница,38,Сентябрь,9,3,2024,Осень,Да,Нет
20240921,2024-09-21,21,Суббота,38,Сентябрь,9,3,2024,Осень,Нет,Нет
20240922,2024-09-22,22,Воскресенье,38,Сентябрь,9,3,2024,Осень,Нет,Нет
20240923,2024-09-23,23,Понедельник,39,Сентябрь,9,3,2024,Осень,Да,Нет
20240924,2024-09-24,24,Вторник,39,Сентябрь,9,3,2024,Осень,Да,Нет
20240925,2024-09-25,25,Среда,39,Сентябрь,9,3,2024,Осень,Да,Нет
20240926,2024-09-26,26,Четверг,39,Сентябрь,9,3,2024,Осень,Да,Нет
20240927,2024-09-27,27,Пятница,39,Сентябрь,9,3,2024,Осень,Да,Нет
20240928,2024-09-28,28,Суббота,39,Сентябрь,9,3,2024,Осень,Нет,Нет
20240929,2024-09-29,29,Воскресенье,39,Сентябрь,9,3,2024,Осень,Нет,Нет
20240930,2024-09-30,30,Понедельник,40,Сентябрь,9,3,2024,Осень,Да,Нет
20241001,2024-10-01,1,Вторник,40,Октябрь,10,4,2024,Осень,Да,Нет
20241002,2024-10-02,2,Среда,40,Октябрь,10,4,2024,Осень,Да,Нет
20241003,2024-10-03,3,Четверг,40,Октябрь,10,4,2024,Осень,Да,Нет
20241004,2024-10-04,4,Пятница,40,Октябрь,10,4,2024,Осень,Да,Нет
20241005,2024-10-05,5,Суббота,40,Октябрь,10,4,2024,Осень,Нет,Нет
20241006,2024-10-06,6,Воскресенье,40,Октябрь,10,4,2024,Осень,Нет,Нет
20241007,2024-10-07,7,Понедельник,41,Октябрь,10,4,2024,Осень,Да,Нет
20241008,2024-10-08,8,Вторник,41,Октябрь,10,4,2024,Осень,Да,Нет
20241009,2024-10-09,9,Среда,41,Октябрь,10,4,2024,Осень,Да,Нет
20241010,2024-10-10,10,Четверг,41,Октябрь,10,4,2024,Осень,Да,Нет
20241011,2024-10-11,11,Пятница,41,Октябрь,10,4,2024,Осень,Да,Нет
20241012,2024-10-12,12,Суббота,41,Октябрь,10,4,2024,Осень,Нет,Нет
20241013,2024-10-13,13,Воскресенье,41,Октябрь,10,4,2024,Осень,Нет,Нет
20241014,2024-10-14,14,Понедельник,42,Октябрь,10,4,2024,Осень,Да,Нет
20241015,2024-10-15,15,Вторник,42,Октябрь,10,4,2024,Осень,Да,Нет
20241016,2024-10-16,16,Среда,42,Октябрь,10,4,2024,Осень,Да,Нет
20241017,2024-10-17,17,Четверг,42,Октябрь,10,4,2024,Осень,Да,Нет
20241018,2024-10-18,18,Пятница,42,Октябрь,10,4,2024,Осень,Да,Нет
20241019,2024-10-19,19,Суббота,42,Октябрь,10,4,2024,Осень,Нет,Нет
20241020,2024-10-20,20,Воскресенье,42,Октябрь,10,4,2024,Осень,Нет,Нет
20241021,2024-10-21,21,Понедельник,43,Октябрь,10,4,2024,Осень,Да,Нет
20241022,2024-10-22,22,Вторник,43,Октябрь,10,4,2024,Осень,Да,Нет
20241023,2024-10-23,23,Среда,43,Октябрь,10,4,2024,Осень,Да,Нет
20241024,2024-10-24,24,Четверг,43,Октябрь,10,4,2024,Осень,Да,Нет
20241025,2024-10-25,25,Пятница,43,Октябрь,10,4,2024,Осень,Да,Нет
20241026,2024-10-26,26,Суббота,43,Октябрь,10,4,2024,Осень,Нет,Нет
20241027,2024-10-27,27,Воскресенье,43,Октябрь,10,4,2024,Осень,Нет,Нет
20241028,2024-10-28,28,Понедельник,44,Октябрь,10,4,2024,Осень,Да,Нет
20241029,2024-10-29,29,Вторник,44,Октябрь,10,4,2024,Осень,Да,Нет
20241030,2024-10-30,30,Среда,44,Октябрь,10,4,2024,Осень,Да,Нет
20241031,2024-10-31,31,Четверг,44,Октябрь,10,4,2024,Осень,Да,Нет
20241101,2024-11-01,1,Пятница,44,Ноябрь,11,4,2024,Осень,Да,Нет
20241102,2024-11-02,2,Суббота,44,Ноябрь,11,4,2024,Осень,Нет,Нет
20241103,2024-11-03,3,Воскресенье,44,Ноябрь,11,4,2024,Осень,Нет,Нет
20241104,2024-11-04,4,Понедельник,45,Ноябрь,11,4,2024,Осень,Да,Нет
20241105,2024-11-05,5,Вторник,45,Ноябрь,11,4,2024,Осень,Да,Нет
20241106,2024-11-06,6,Среда,45,Ноябрь,11,4,2024,Осень,Да,Нет
20241107,2024-11-07,7,Четверг,45,Ноябрь,11,4,2024,Осень,Да,Да
20241108,2024-11-08,8,Пятница,45,Ноябрь,11,4,2024,Осень,Да,Нет
20241109,2024-11-09,9,Суббота,45,Ноябрь,11,4,2024,Осень,Нет,Нет
20241110,2024-11-10,10,Воскресенье,45,Ноябрь,11,4,2024,Осень,Нет,Нет
20241111,2024-11-11,11,Понедельник,46,Ноябрь,11,4,2024,Осень,Да,Нет
20241112,2024-11-12,12,Вторник,46,Ноябрь,11,4,2024,Осень,Да,Нет
20241113,2024-11-13,13,Среда,46,Ноябрь,11,4,2024,Осень,Да,Нет
20241114,2024-11-14,14,Четверг,46,Ноябрь,11,4,2024,Осень,Да,Нет
20241115,2024-11-15,15,Пятница,46,Ноябрь,11,4,2024,Осень,Да,Нет
20241116,2024-11-16,16,Суббота,46,Ноябрь,11,4,2024,Осень,Нет,Нет
20241117,2024-11-17,17,Воскресенье,46,Ноябрь,11,4,2024,Осень,Нет,Нет
20241118,2024-11-18,18,Понедельник,47,Ноябрь,11,4,2024,Осень,Да,Нет
20241119,2024-11-19,19,Вторник,47,Ноябрь,11,4,2024,Осень,Да,Нет
20241120,2024-11-20,20,Среда,47,Ноябрь,11,4,2024,Осень,Да,Нет
20241121,2024-11-21,21,Четверг,47,Ноябрь,11,4,2024,Осень,Да,Нет
20241122,2024-11-22,22,Пятница,47,Ноябрь,11,4,2024,Осень,Да,Нет
20241123,2024-11-23,23,Суббота,47,Ноябрь,11,4,2024,Осень,Нет,Нет
20241124,2024-11-24,24,Воскресенье,47,Ноябрь,11,4,2024,Осень,Нет,Нет
20241125,2024-11-25,25,Понедельник,48,Ноябрь,11,4,2024,Осень,Да,Нет
20241126,2024-11-26,26,Вторник,48,Ноябрь,11,4,2024,Осень,Да,Нет
20241127,2024-11-27,27,Среда,48,Ноябрь,11,4,2024,Осень,Да,Нет
20241128,2024-11-28,28,Четверг,48,Ноябрь,11,4,2024,Осень,Да,Нет
20241129,2024-11-29,29,Пятница,48,Ноябрь,11,4,2024,Осень,Да,Нет
20241130,2024-11-30,30,Суббота,48,Ноябрь,11,4,2024,Осень,Нет,Нет
20241201,2024-12-01,1,Воскресенье,48,Декабрь,12,4,2024,Зима,Нет,Нет
20241202,2024-12-02,2,Понедельник,49,Декабрь,12,4,2024,Зима,Да,Нет
20241203,2024-12-03,3,Вторник,49,Декабрь,12,4,2024,Зима,Да,Нет
20241204,2024-12-04,4,Среда,49,Декабрь,12,4,2024,Зима,Да,Нет
20241205,2024-12-05,5,Четверг,49,Декабрь,12,4,2024,Зима,Да,Нет
20241206,2024-12-06,6,Пятница,49,Декабрь,12,4,2024,Зима,Да,Нет
20241207,2024-12-07,7,Суббота,49,Декабрь,12,4,2024,Зима,Нет,Нет
20241208,2024-12-08,8,Воскресенье,49,Декабрь,12,4,2024,Зима,Нет,Нет
20241209,2024-12-09,9,Понедельник,50,Декабрь,12,4,2024,Зима,Да,Нет
20241210,2024-12-10,10,Вторник,50,Декабрь,12,4,2024,Зима,Да,Нет
20241211,2024-12-11,11,Среда,50,Декабрь,12,4,2024,Зима,Да,Нет
20241212,2024-12-12,12,Четверг,50,Декабрь,12,4,2024,Зима,Да,Нет
20241213,2024-12-13,13,Пятница,50,Декабрь,12,4,2024,Зима,Да,Нет
20241214,2024-12-14,14,Суббота,50,Декабрь,12,4,2024,Зима,Нет,Нет
20241215,2024-12-15,15,Воскресенье,50,Декабрь,12,4,2024,Зима,Нет,Нет
20241216,2024-12-16,16,Понедельник,51,Декабрь,12,4,2024,Зима,Да,Нет
20241217,2024-12-17,17,Вторник,51,Декабрь,12,4,2024,Зима,Да,Нет
20241218,2024-12-18,18,Среда,51,Декабрь,12,4,2024,Зима,Да,Нет
20241219,2024-12-19,19,Четверг,51,Декабрь,12,4,2024,Зима,Да,Нет
20241220,2024-12-20,20,Пятница,51,Декабрь,12,4,2024,Зима,Да,Нет
20241221,2024-12-21,21,Суббота,51,Декабрь,12,4,2024,Зима,Нет,Нет
20241222,2024-12-22,22,Воскресенье,51,Декабрь,12,4,2024,Зима,Нет,Нет
20241223,2024-12-23,23,Понедельник,52,Декабрь,12,4,2024,Зима,Да,Нет
20241224,2024-12-24,24,Вторник,52,Декабрь,12,4,2024,Зима,Да,Нет
20241225,2024-12-25,25,Среда,52,Декабрь,12,4,2024,Зима,Да,Да
20241226,2024-12-26,26,Четверг,52,Декабрь,12,4,2024,Зима,Да,Нет
20241227,2024-12-27,27,Пятница,52,Декабрь,12,4,2024,Зима,Да,Нет
20241228,2024-12-28,28,Суббота,52,Декабрь,12,4,2024,Зима,Нет,Нет
20241229,2024-12-29,29,Воскресенье,52,Декабрь,12,4,2024,Зима,Нет,Нет
20241230,2024-12-30,30,Понедельник,1,Декабрь,12,4,2024,Зима,Да,Нет
20241231,2024-12-31,31,Вторник,1,Декабрь,12,4,2024,Зима,Да,Нет
20250101,2025-01-01,1,Среда,1,Январь,1,1,2025,Зима,Да,Да
20250102,2025-01-02,2,Четверг,1,Январь,1,1,2025,Зима,Да,Да
20250103,2025-01-03,3,Пятница,1,Январь,1,1,2025,Зима,Да,Нет
20250104,2025-01-04,4,Суббота,1,Январь,1,1,2025,Зима,Нет,Нет
20250105,2025-01-05,5,Воскресенье,1,Январь,1,1,2025,Зима,Нет,Нет
20250106,2025-01-06,6,Понедельник,2,Январь,1,1,2025,Зима,Да,Нет
20250107,2025-01-07,7,Вторник,2,Январь,1,1,2025,Зима,Да,Да
20250108,2025-01-08,8,Среда,2,Январь,1,1,2025,Зима,Да,Нет
20250109,2025-01-09,9,Четверг,2,Январь,1,1,2025,Зима,Да,Нет
20250110,2025-01-10,10,Пятница,2,Январь,1,1,2025,Зима,Да,Нет
20250111,2025-01-11,11,Суббота,2,Январь,1,1,2025,Зима,Нет,Нет
20250112,2025-01-12,12,Воскресенье,2,Январь,1,1,2025,Зима,Нет,Нет
20250113,2025-01-13,13,Понедельник,3,Январь,1,1,2025,Зима,Да,Нет
20250114,2025-01-14,14,Вторник,3,Январь,1,1,2025,Зима,Да,Нет
20250115,2025-01-15,15,Среда,3,Январь,1,1,2025,Зима,Да,Нет
20250116,2025-01-16,16,Четверг,3,Январь,1,1,2025,Зима,Да,Нет
20250117,2025-01-17,17,Пятница,3,Январь,1,1,2025,Зима,Да,Нет
20250118,2025-01-18,18,Суббота,3,Январь,1,1,2025,Зима,Нет,Нет
20250119,2025-01-19,19,Воскресенье,3,Январь,1,1,2025,Зима,Нет,Нет
20250120,2025-01-20,20,Понедельник,4,Январь,1,1,2025,Зима,Да,Нет
20250121,2025-01-21,21,Вторник,4,Январь,1,1,2025,Зима,Да,Нет
20250122,2025-01-22,22,Среда,4,Январь,1,1,2025,Зима,Да,Нет
20250123,2025-01-23,23,Четверг,4,Январь,1,1,2025,Зима,Да,Нет
20250124,2025-01-24,24,Пятница,4,Январь,1,1,2025,Зима,Да,Нет
20250125,2025-01-25,25,Суббота,4,Январь,1,1,2025,Зима,Нет,Нет
20250126,2025-01-26,26,Воскресенье,4,Январь,1,1,2025,Зима,Нет,Нет
20250127,2025-01-27,27,Понедельник,5,Январь,1,1,2025,Зима,Да,Нет
20250128,2025-01-28,28,Вторник,5,Январь,1,1,2025,Зима,Да,Нет
20250129,2025-01-29,29,Среда,5,Январь,1,1,2025,Зима,Да,Нет
20250130,2025-01-30,30,Четверг,5,Январь,1,1,2025,Зима,Да,Нет
20250131,2025-01-31,31,Пятница,5,Январь,1,1,2025,Зима,Да,Нет
20250201,2025-02-01,1,Суббота,5,Февраль,2,1,2025,Зима,Нет,Нет
20250202,2025-02-02,2,Воскресенье,5,Февраль,2,1,2025,Зима,Нет,Нет
20250203,2025-02-03,3,Понедельник,6,Февраль,2,1,2025,Зима,Да,Нет
20250204,2025-02-04,4,Вторник,6,Февраль,2,1,2025,Зима,Да,Нет
20250205,2025-02-05,5,Среда,6,Февраль,2,1,2025,Зима,Да,Нет
20250206,2025-02-06,6,Четверг,6,Февраль,2,1,2025,Зима,Да,Нет
20250207,2025-02-07,7,Пятница,6,Февраль,2,1,2025,Зима,Да,Нет
20250208,2025-02-08,8,Суббота,6,Февраль,2,1,2025,Зима,Нет,Нет
20250209,2025-02-09,9,Воскресенье,6,Февраль,2,1,2025,Зима,Нет,Нет
20250210,2025-02-10,10,Понедельник,7,Февраль,2,1,2025,Зима,Да,Нет
20250211,2025-02-11,11,Вторник,7,Февраль,2,1,2025,Зима,Да,Нет
20250212,2025-02-12,12,Среда,7,Февраль,2,1,2025,Зима,Да,Нет
20250213,2025-02-13,13,Четверг,7,Февраль,2,1,2025,Зима,Да,Нет
20250214,2025-02-14,14,Пятница,7,Февраль,2,1,2025,Зима,Да,Нет
20250215,2025-02-15,15,Суббота,7,Февраль,2,1,2025,Зима,Нет,Нет
20250216,2025-02-16,16,Воскресенье,7,Февраль,2,1,2025,Зима,Нет,Нет
20250217,2025-02-17,17,Понедельник,8,Февраль,2,1,2025,Зима,Да,Нет
20250218,2025-02-18,18,Вторник,8,Февраль,2,1,2025,Зима,Да,Нет
20250219,2025-02-19,19,Среда,8,Февраль,2,1,2025,Зима,Да,Нет
20250220,2025-02-20,20,Четверг,8,Февраль,2,1,2025,Зима,Да,Нет
20250221,2025-02-21,21,Пятница,8,Февраль,2,1,2025,Зима,Да,Нет
20250222,2025-02-22,22,Суббота,8,Февраль,2,1,2025,Зима,Нет,Нет
20250223,2025-02-23,23,Воскресенье,8,Февраль,2,1,2025,Зима,Нет,Нет
20250224,2025-02-24,24,Понедельник,9,Февраль,2,1,2025,Зима,Да,Нет
20250225,2025-02-25,25,Вторник,9,Февраль,2,1,2025,Зима,Да,Нет
20250226,2025-02-26,26,Среда,9,Февраль,2,1,2025,Зима,Да,Нет
20250227,2025-02-27,27,Четверг,9,Февраль,2,1,2025,Зима,Да,Нет
20250228,2025-02-28,28,Пятница,9,Февраль,2,1,2025,Зима,Да,Нет
20250301,2025-03-01,1,Суббота,9,Март,3,1,2025,Весна,Нет,Нет
20250302,2025-03-02,2,Воскресенье,9,Март,3,1,2025,Весна,Нет,Нет
20250303,2025-03-03,3,Понедельник,10,Март,3,1,2025,Весна,Да,Нет
20250304,2025-03-04,4,Вторник,10,Март,3,1,2025,Весна,Да,Нет
20250305,2025-03-05,5,Среда,10,Март,3,1,2025,Весна,Да,Нет
20250306,2025-03-06,6,Четверг,10,Март,3,1,2025,Весна,Да,Нет
20250307,2025-03-07,7,Пятница,10,Март,3,1,2025,Весна,Да,Нет
20250308,2025-03-08,8,Суббота,10,Март,3,1,2025,Весна,Нет,Да
20250309,2025-03-09,9,Воскресенье,10,Март,3,1,2025,Весна,Нет,Нет
20250310,2025-03-10,10,Понедельник,11,Март,3,1,2025,Весна,Да,Нет
20250311,2025-03-11,11,Вторник,11,Март,3,1,2025,Весна,Да,Нет
20250312,2025-03-12,12,Среда,11,Март,3,1,2025,Весна,Да,Нет
20250313,2025-03-13,13,Четверг,11,Март,3,1,2025,Весна,Да,Нет
20250314,2025-03-14,14,Пятница,11,Март,3,1,2025,Весна,Да,Нет
20250315,2025-03-15,15,Суббота,11,Март,3,1,2025,Весна,Нет,Нет
20250316,2025-03-16,16,Воскресенье,11,Март,3,1,2025,Весна,Нет,Нет
20250317,2025-03-17,17,Понедельник,12,Март,3,1,2025,Весна,Да,Нет
20250318,2025-03-18,18,Вторник,12,Март,3,1,2025,Весна,Да,Нет
20250319,2025-03-19,19,Среда,12,Март,3,1,2025,Весна,Да,Нет
20250320,2025-03-20,20,Четверг,12,Март,3,1,2025,Весна,Да,Нет
20250321,2025-03-21,21,Пятница,12,Март,3,1,2025,Весна,Да,Нет
20250322,2025-03-22,22,Суббота,12,Март,3,1,2025,Весна,Нет,Нет
20250323,2025-03-23,23,Воскресенье,12,Март,3,1,2025,Весна,Нет,Нет
20250324,2025-03-24,24,Понедельник,13,Март,3,1,2025,Весна,Да,Нет
20250325,2025-03-25,25,Вторник,13,Март,3,1,2025,Весна,Да,Нет
20250326,2025-03-26,26,Среда,13,Март,3,1,2025,Весна,Да,Нет
20250327,2025-03-27,27,Четверг,13,Март,3,1,2025,Весна,Да,Нет
20250328,2025-03-28,28,Пятница,13,Март,3,1,2025,Весна,Да,Нет
20250329,2025-03-29,29,Суббота,13,Март,3,1,2025,Весна,Нет,Нет
20250330,2025-03-30,30,Воскресенье,13,Март,3,1,2025,Весна,Нет,Нет
20250331,2025-03-31,31,Понедельник,14,Март,3,1,2025,Весна,Да,Нет
20250401,2025-04-01,1,Вторник,14,Апрель,4,2,2025,Весна,Да,Нет
20250402,2025-04-02,2,Среда,14,Апрель,4,2,2025,Весна,Да,Нет
20250403,2025-04-03,3,Четверг,14,Апрель,4,2,2025,Весна,Да,Нет
20250404,2025-04-04,4,Пятница,14,Апрель,4,2,2025,Весна,Да,Нет
20250405,2025-04-05,5,Суббота,14,Апрель,4,2,2025,Весна,Нет,Нет
20250406,2025-04-06,6,Воскресенье,14,Апрель,4,2,2025,Весна,Нет,Нет
20250407,2025-04-07,7,Понедельник,15,Апрель,4,2,2025,Весна,Да,Нет
20250408,2025-04-08,8,Вторник,15,Апрель,4,2,2025,Весна,Да,Нет
20250409,2025-04-09,9,Среда,15,Апрель,4,2,2025,Весна,Да,Нет
20250410,2025-04-10,10,Четверг,15,Апрель,4,2,2025,Весна,Да,Нет
20250411,2025-04-11,11,Пятница,15,Апрель,4,2,2025,Весна,Да,Нет
20250412,2025-04-12,12,Суббота,15,Апрель,4,2,2025,Весна,Нет,Нет
20250413,2025-04-13,13,Воскресенье,15,Апрель,4,2,2025,Весна,Нет,Нет
20250414,2025-04-14,14,Понедельник,16,Апрель,4,2,2025,Весна,Да,Нет
20250415,2025-04-15,15,Вторник,16,Апрель,4,2,2025,Весна,Да,Нет
20250416,2025-04-16,16,Среда,16,Апрель,4,2,2025,Весна,Да,Нет
20250417,2025-04-17,17,Четверг,16,Апрель,4,2,2025,Весна,Да,Нет
20250418,2025-04-18,18,Пятница,16,Апрель,4,2,2025,Весна,Да,Нет
20250419,2025-04-19,19,Суббота,16,Апрель,4,2,2025,Весна,Нет,Нет
20250420,2025-04-20,20,Воскресенье,16,Апрель,4,2,2025,Весна,Нет,Нет
20250421,2025-04-21,21,Понедельник,17,Апрель,4,2,2025,Весна,Да,Нет
20250422,2025-04-22,22,Вторник,17,Апрель,4,2,2025,Весна,Да,Нет
20250423,2025-04-23,23,Среда,17,Апрель,4,2,2025,Весна,Да,Нет
20250424,2025-04-24,24,Четверг,17,Апрель,4,2,2025,Весна,Да,Нет
20250425,2025-04-25,25,Пятница,17,Апрель,4,2,2025,Весна,Да,Нет
20250426,2025-04-26,26,Суббота,17,Апрель,4,2,2025,Весна,Нет,Нет
20250427,2025-04-27,27,Воскресенье,17,Апрель,4,2,2025,Весна,Нет,Нет
20250428,2025-04-28,28,Понедельник,18,Апрель,4,2,2025,Весна,Да,Нет
20250429,2025-04-29,29,Вторник,18,Апрель,4,2,2025,Весна,Да,Нет
20250430,2025-04-30,30,Среда,18,Апрель,4,2,2025,Весна,Да,Нет
20250501,2025-05-01,1,Четверг,18,Май,5,2,2025,Весна,Да,Да
20250502,2025-05-02,2,Пятница,18,Май,5,2,2025,Весна,Да,Нет
20250503,2025-05-03,3,Суббота,18,Май,5,2,2025,Весна,Нет,Нет
20250504,2025-05-04,4,Воскресенье,18,Май,5,2,2025,Весна,Нет,Нет
20250505,2025-05-05,5,Понедельник,19,Май,5,2,2025,Весна,Да,Нет
20250506,2025-05-06,6,Вторник,19,Май,5,2,2025,Весна,Да,Нет
20250507,2025-05-07,7,Среда,19,Май,5,2,2025,Весна,Да,Нет
20250508,2025-05-08,8,Четверг,19,Май,5,2,2025,Весна,Да,Нет
20250509,2025-05-09,9,Пятница,19,Май,5,2,2025,Весна,Да,Да
20250510,2025-05-10,10,Суббота,19,Май,5,2,2025,Весна,Нет,Нет
20250511,2025-05-11,11,Воскресенье,19,Май,5,2,2025,Весна,Нет,Нет
20250512,2025-05-12,12,Понедельник,20,Май,5,2,2025,Весна,Да,Нет
20250513,2025-05-13,13,Вторник,20,Май,5,2,2025,Весна,Да,Нет
20250514,2025-05-14,14,Среда,20,Май,5,2,2025,Весна,Да,Нет
20250515,2025-05-15,15,Четверг,20,Май,5,2,2025,Весна,Да,Нет
20250516,2025-05-16,16,Пятница,20,Май,5,2,2025,Весна,Да,Нет
20250517,2025-05-17,17,Суббота,20,Май,5,2,2025,Весна,Нет,Нет
20250518,2025-05-18,18,Воскресенье,20,Май,5,2,2025,Весна,Нет,Нет
20250519,2025-05-19,19,Понедельник,21,Май,5,2,2025,Весна,Да,Нет
20250520,2025-05-20,20,Вторник,21,Май,5,2,2025,Весна,Да,Нет
20250521,2025-05-21,21,Среда,21,Май,5,2,2025,Весна,Да,Нет
20250522,2025-05-22,22,Четверг,21,Май,5,2,2025,Весна,Да,Нет
20250523,2025-05-23,23,Пятница,21,Май,5,2,2025,Весна,Да,Нет
20250524,2025-05-24,24,Суббота,21,Май,5,2,2025,Весна,Нет,Нет
20250525,2025-05-25,25,Воскресенье,21,Май,5,2,2025,Весна,Нет,Нет
20250526,2025-05-26,26,Понедельник,22,Май,5,2,2025,Весна,Да,Нет
20250527,2025-05-27,27,Вторник,22,Май,5,2,2025,Весна,Да,Нет
20250528,2025-05-28,28,Среда,22,Май,5,2,2025,Весна,Да,Нет
20250529,2025-05-29,29,Четверг,22,Май,5,2,2025,Весна,Да,Нет
20250530,2025-05-30,30,Пятница,22,Май,5,2,2025,Весна,Да,Нет
20250531,2025-05-31,31,Суббота,22,Май,5,2,2025,Весна,Нет,Нет
20250601,2025-06-01,1,Воскресенье,22,Июнь,6,2,2025,Лето,Нет,Нет
20250602,2025-06-02,2,Понедельник,23,Июнь,6,2,2025,Лето,Да,Нет
20250603,2025-06-03,3,Вторник,23,Июнь,6,2,2025,Лето,Да,Нет
20250604,2025-06-04,4,Среда,23,Июнь,6,2,2025,Лето,Да,Нет
20250605,2025-06-05,5,Четверг,23,Июнь,6,2,2025,Лето,Да,Нет
20250606,2025-06-06,6,Пятница,23,Июнь,6,2,2025,Лето,Да,Нет
20250607,2025-06-07,7,Суббота,23,Июнь,6,2,2025,Лето,Нет,Нет
20250608,2025-06-08,8,Воскресенье,23,Июнь,6,2,2025,Лето,Нет,Нет
20250609,2025-06-09,9,Понедельник,24,Июнь,6,2,2025,Лето,Да,Нет
20250610,2025-06-10,10,Вторник,24,Июнь,6,2,2025,Лето,Да,Нет
20250611,2025-06-11,11,Среда,24,Июнь,6,2,2025,Лето,Да,Нет
20250612,2025-06-12,12,Четверг,24,Июнь,6,2,2025,Лето,Да,Нет
20250613,2025-06-13,13,Пятница,24,Июнь,6,2,2025,Лето,Да,Нет
20250614,2025-06-14,14,Суббота,24,Июнь,6,2,2025,Лето,Нет,Нет
20250615,2025-06-15,15,Воскресенье,24,Июнь,6,2,2025,Лето,Нет,Нет
20250616,2025-06-16,16,Понедельник,25,Июнь,6,2,2025,Лето,Да,Нет
20250617,2025-06-17,17,Вторник,25,Июнь,6,2,2025,Лето,Да,Нет
20250618,2025-06-18,18,Среда,25,Июнь,6,2,2025,Лето,Да,Нет
20250619,2025-06-19,19,Четверг,25,Июнь,6,2,2025,Лето,Да,Нет
20250620,2025-06-20,20,Пятница,25,Июнь,6,2,2025,Лето,Да,Нет
20250621,2025-06-21,21,Суббота,25,Июнь,6,2,2025,Лето,Нет,Нет
20250622,2025-06-22,22,Воскресенье,25,Июнь,6,2,2025,Лето,Нет,Нет
20250623,2025-06-23,23,Понедельник,26,Июнь,6,2,2025,Лето,Да,Нет
20250624,2025-06-24,24,Вторник,26,Июнь,6,2,2025,Лето,Да,Нет
20250625,2025-06-25,25,Среда,26,Июнь,6,2,2025,Лето,Да,Нет
20250626,2025-06-26,26,Четверг,26,Июнь,6,2,2025,Лето,Да,Нет
20250627,2025-06-27,27,Пятница,26,Июнь,6,2,2025,Лето,Да,Нет
20250628,2025-06-28,28,Суббота,26,Июнь,6,2,2025,Лето,Нет,Нет
20250629,2025-06-29,29,Воскресенье,26,Июнь,6,2,2025,Лето,Нет,Нет
20250630,2025-06-30,30,Понедельник,27,Июнь,6,2,2025,Лето,Да,Нет
20250701,2025-07-01,1,Вторник,27,Июль,7,3,2025,Лето,Да,Нет
20250702,2025-07-02,2,Среда,27,Июль,7,3,2025,Лето,Да,Нет
20250703,2025-07-03,3,Четверг,27,Июль,7,3,2025,Лето,Да,Да
20250704,2025-07-04,4,Пятница,27,Июль,7,3,2025,Лето,Да,Нет
20250705,2025-07-05,5,Суббота,27,Июль,7,3,2025,Лето,Нет,Нет
20250706,2025-07-06,6,Воскресенье,27,Июль,7,3,2025,Лето,Нет,Нет
20250707,2025-07-07,7,Понедельник,28,Июль,7,3,2025,Лето,Да,Нет
20250708,2025-07-08,8,Вторник,28,Июль,7,3,2025,Лето,Да,Нет
20250709,2025-07-09,9,Среда,28,Июль,7,3,2025,Лето,Да,Нет
20250710,2025-07-10,10,Четверг,28,Июль,7,3,2025,Лето,Да,Нет
20250711,2025-07-11,11,Пятница,28,Июль,7,3,2025,Лето,Да,Нет
20250712,2025-07-12,12,Суббота,28,Июль,7,3,2025,Лето,Нет,Нет
20250713,2025-07-13,13,Воскресенье,28,Июль,7,3,2025,Лето,Нет,Нет
20250714,2025-07-14,14,Понедельник,29,Июль,7,3,2025,Лето,Да,Нет
20250715,2025-07-15,15,Вторник,29,Июль,7,3,2025,Лето,Да,Нет
20250716,2025-07-16,16,Среда,29,Июль,7,3,2025,Лето,Да,Нет
20250717,2025-07-17,17,Четверг,29,Июль,7,3,2025,Лето,Да,Нет
20250718,2025-07-18,18,Пятница,29,Июль,7,3,2025,Лето,Да,Нет
20250719,2025-07-19,19,Суббота,29,Июль,7,3,2025,Лето,Нет,Нет
20250720,2025-07-20,20,Воскресенье,29,Июль,7,3,2025,Лето,Нет,Нет
20250721,2025-07-21,21,Понедельник,30,Июль,7,3,2025,Лето,Да,Нет
20250722,2025-07-22,22,Вторник,30,Июль,7,3,2025,Лето,Да,Нет
20250723,2025-07-23,23,Среда,30,Июль,7,3,2025,Лето,Да,Нет
20250724,2025-07-24,24,Четверг,30,Июль,7,3,2025,Лето,Да,Нет
20250725,2025-07-25,25,Пятница,30,Июль,7,3,2025,Лето,Да,Нет
20250726,2025-07-26,26,Суббота,30,Июль,7,3,2025,Лето,Нет,Нет
20250727,2025-07-27,27,Воскресенье,30,Июль,7,3,2025,Лето,Нет,Нет
20250728,2025-07-28,28,Понедельник,31,Июль,7,3,2025,Лето,Да,Нет
20250729,2025-07-29,29,Вторник,31,Июль,7,3,2025,Лето,Да,Нет
20250730,2025-07-30,30,Среда,31,Июль,7,3,2025,Лето,Да,Нет
20250731,2025-07-31,31,Четверг,31,Июль,7,3,2025,Лето,Да,Нет
20250801,2025-08-01,1,Пятница,31,Август,8,3,2025,Лето,Да,Нет
20250802,2025-08-02,2,Суббота,31,Август,8,3,2025,Лето,Нет,Нет
20250803,2025-08-03,3,Воскресенье,31,Август,8,3,2025,Лето,Нет,Нет
20250804,2025-08-04,4,Понедельник,32,Август,8,3,2025,Лето,Да,Нет
20250805,2025-08-05,5,Вторник,32,Август,8,3,2025,Лето,Да,Нет
20250806,2025-08-06,6,Среда,32,Август,8,3,2025,Лето,Да,Нет
20250807,2025-08-07,7,Четверг,32,Август,8,3,2025,Лето,Да,Нет
20250808,2025-08-08,8,Пятница,32,Август,8,3,2025,Лето,Да,Нет
20250809,2025-08-09,9,Суббота,32,Август,8,3,2025,Лето,Нет,Нет
20250810,2025-08-10,10,Воскресенье,32,Август,8,3,2025,Лето,Нет,Нет
20250811,2025-08-11,11,Понедельник,33,Август,8,3,2025,Лето,Да,Нет
20250812,2025-08-12,12,Вторник,33,Август,8,3,2025,Лето,Да,Нет
20250813,2025-08-13,13,Среда,33,Август,8,3,2025,Лето,Да,Нет
20250814,2025-08-14,14,Четверг,33,Август,8,3,2025,Лето,Да,Нет
20250815,2025-08-15,15,Пятница,33,Август,8,3,2025,Лето,Да,Нет
20250816,2025-08-16,16,Суббота,33,Август,8,3,2025,Лето,Нет,Нет
20250817,2025-08-17,17,Воскресенье,33,Август,8,3,2025,Лето,Нет,Нет
20250818,2025-08-18,18,Понедельник,34,Август,8,3,2025,Лето,Да,Нет
20250819,2025-08-19,19,Вторник,34,Август,8,3,2025,Лето,Да,Нет
20250820,2025-08-20,20,Среда,34,Август,8,3,2025,Лето,Да,Нет
20250821,2025-08-21,21,Четверг,34,Август,8,3,2025,Лето,Да,Нет
20250822,2025-08-22,22,Пятница,34,Август,8,3,2025,Лето,Да,Нет
20250823,2025-08-23,23,Суббота,34,Август,8,3,2025,Лето,Нет,Нет
20250824,2025-08-24,24,Воскресенье,34,Август,8,3,2025,Лето,Нет,Нет
20250825,2025-08-25,25,Понедельник,35,Август,8,3,2025,Лето,Да,Нет
20250826,2025-08-26,26,Вторник,35,Август,8,3,2025,Лето,Да,Нет
20250827,2025-08-27,27,Среда,35,Август,8,3,2025,Лето,Да,Нет
20250828,2025-08-28,28,Четверг,35,Август,8,3,2025,Лето,Да,Нет
20250829,2025-08-29,29,Пятница,35,Август,8,3,2025,Лето,Да,Нет
20250830,2025-08-30,30,Суббота,35,Август,8,3,2025,Лето,Нет,Нет
20250831,2025-08-31,31,Воскресенье,35,Август,8,3,2025,Лето,Нет,Нет
20250901,2025-09-01,1,Понедельник,36,Сентябрь,9,3,2025,Осень,Да,Нет
20250902,2025-09-02,2,Вторник,36,Сентябрь,9,3,2025,Осень,Да,Нет
20250903,2025-09-03,3,Среда,36,Сентябрь,9,3,2025,Осень,Да,Нет
20250904,2025-09-04,4,Четверг,36,Сентябрь,9,3,2025,Осень,Да,Нет
20250905,2025-09-05,5,Пятница,36,Сентябрь,9,3,2025,Осень,Да,Нет
20250906,2025-09-06,6,Суббота,36,Сентябрь,9,3,2025,Осень,Нет,Нет
20250907,2025-09-07,7,Воскресенье,36,Сентябрь,9,3,2025,Осень,Нет,Нет
20250908,2025-09-08,8,Понедельник,37,Сентябрь,9,3,2025,Осень,Да,Нет
20250909,2025-09-09,9,Вторник,37,Сентябрь,9,3,2025,Осень,Да,Нет
20250910,2025-09-10,10,Среда,37,Сентябрь,9,3,2025,Осень,Да,Нет
20250911,2025-09-11,11,Четверг,37,Сентябрь,9,3,2025,Осень,Да,Нет
20250912,2025-09-12,12,Пятница,37,Сентябрь,9,3,2025,Осень,Да,Нет
20250913,2025-09-13,13,Суббота,37,Сентябрь,9,3,2025,Осень,Нет,Нет
20250914,2025-09-14,14,Воскресенье,37,Сентябрь,9,3,2025,Осень,Нет,Нет
20250915,2025-09-15,15,Понедельник,38,Сентябрь,9,3,2025,Осень,Да,Нет
20250916,2025-09-16,16,Вторник,38,Сентябрь,9,3,2025,Осень,Да,Нет
20250917,2025-09-17,17,Среда,38,Сентябрь,9,3,2025,Осень,Да,Нет
20250918,2025-09-18,18,Четверг,38,Сентябрь,9,3,2025,Осень,Да,Нет
20250919,2025-09-19,19,Пятница,38,Сентябрь,9,3,2025,Осень,Да,Нет
20250920,2025-09-20,20,Суббота,38,Сентябрь,9,3,2025,Осень,Нет,Нет
20250921,2025-09-21,21,Воскресенье,38,Сентябрь,9,3,2025,Осень,Нет,Нет
20250922,2025-09-22,22,Понедельник,39,Сентябрь,9,3,2025,Осень,Да,Нет
20250923,2025-09-23,23,Вторник,39,Сентябрь,9,3,2025,Осень,Да,Нет
20250924,2025-09-24,24,Среда,39,Сентябрь,9,3,2025,Осень,Да,Нет
20250925,2025-09-25,25,Четверг,39,Сентябрь,9,3,2025,Осень,Да,Нет
20250926,2025-09-26,26,Пятница,39,Сентябрь,9,3,2025,Осень,Да,Нет
20250927,2025-09-27,27,Суббота,39,Сентябрь,9,3,2025,Осень,Нет,Нет
20250928,2025-09-28,28,Воскресенье,39,Сентябрь,9,3,2025,Осень,Нет,Нет
20250929,2025-09-29,29,Понедельник,40,Сентябрь,9,3,2025,Осень,Да,Нет
20250930,2025-09-30,30,Вторник,40,Сентябрь,9,3,2025,Осень,Да,Нет
20251001,2025-10-01,1,Среда,40,Октябрь,10,4,2025,Осень,Да,Нет
20251002,2025-10-02,2,Четверг,40,Октябрь,10,4,2025,Осень,Да,Нет
20251003,2025-10-03,3,Пятница,40,Октябрь,10,4,2025,Осень,Да,Нет
20251004,2025-10-04,4,Суббота,40,Октябрь,10,4,2025,Осень,Нет,Нет
20251005,2025-10-05,5,Воскресенье,40,Октябрь,10,4,2025,Осень,Нет,Нет
20251006,2025-10-06,6,Понедельник,41,Октябрь,10,4,2025,Осень,Да,Нет
20251007,2025-10-07,7,Вторник,41,Октябрь,10,4,2025,Осень,Да,Нет
20251008,2025-10-08,8,Среда,41,Октябрь,10,4,2025,Осень,Да,Нет
20251009,2025-10-09,9,Четверг,41,Октябрь,10,4,2025,Осень,Да,Нет
20251010,2025-10-10,10,Пятница,41,Октябрь,10,4,2025,Осень,Да,Нет
20251011,2025-10-11,11,Суббота,41,Октябрь,10,4,2025,Осень,Нет,Нет
20251012,2025-10-12,12,Воскресенье,41,Октябрь,10,4,2025,Осень,Нет,Нет
20251013,2025-10-13,13,Понедельник,42,Октябрь,10,4,2025,Осень,Да,Нет
20251014,2025-10-14,14,Вторник,42,Октябрь,10,4,2025,Осень,Да,Нет
20251015,2025-10-15,15,Среда,42,Октябрь,10,4,2025,Осень,Да,Нет
20251016,2025-10-16,16,Четверг,42,Октябрь,10,4,2025,Осень,Да,Нет
20251017,2025-10-17,17,Пятница,42,Октябрь,10,4,2025,Осень,Да,Нет
20251018,2025-10-18,18,Суббота,42,Октябрь,10,4,2025,Осень,Нет,Нет
20251019,2025-10-19,19,Воскресенье,42,Октябрь,10,4,2025,Осень,Нет,Нет
20251020,2025-10-20,20,Понедельник,43,Октябрь,10,4,2025,Осень,Да,Нет
20251021,2025-10-21,21,Вторник,43,Октябрь,10,4,2025,Осень,Да,Нет
20251022,2025-10-22,22,Среда,43,Октябрь,10,4,2025,Осень,Да,Нет
20251023,2025-10-23,23,Четверг,43,Октябрь,10,4,2025,Осень,Да,Нет
20251024,2025-10-24,24,Пятница,43,Октябрь,10,4,2025,Осень,Да,Нет
20251025,2025-10-25,25,Суббота,43,Октябрь,10,4,2025,Осень,Нет,Нет
20251026,2025-10-26,26,Воскресенье,43,Октябрь,10,4,2025,Осень,Нет,Нет
20251027,2025-10-27,27,Понедельник,44,Октябрь,10,4,2025,Осень,Да,Нет
20251028,2025-10-28,28,Вторник,44,Октябрь,10,4,2025,Осень,Да,Нет
20251029,2025-10-29,29,Среда,44,Октябрь,10,4,2025,Осень,Да,Нет
20251030,2025-10-30,30,Четверг,44,Октябрь,10,4,2025,Осень,Да,Нет
20251031,2025-10-31,31,Пятница,44,Октябрь,10,4,2025,Осень,Да,Нет
20251101,2025-11-01,1,Суббота,44,Ноябрь,11,4,2025,Осень,Нет,Нет
20251102,2025-11-02,2,Воскресенье,44,Ноябрь,11,4,2025,Осень,Нет,Нет
20251103,2025-11-03,3,Понедельник,45,Ноябрь,11,4,2025,Осень,Да,Нет
20251104,2025-11-04,4,Вторник,45,Ноябрь,11,4,2025,Осень,Да,Нет
20251105,2025-11-05,5,Среда,45,Ноябрь,11,4,2025,Осень,Да,Нет
20251106,2025-11-06,6,Четверг,45,Ноябрь,11,4,2025,Осень,Да,Нет
20251107,2025-11-07,7,Пятница,45,Ноябрь,11,4,2025,Осень,Да,Да
20251108,2025-11-08,8,Суббота,45,Ноябрь,11,4,2025,Осень,Нет,Нет
20251109,2025-11-09,9,Воскресенье,45,Ноябрь,11,4,2025,Осень,Нет,Нет
20251110,2025-11-10,10,Понедельник,46,Ноябрь,11,4,2025,Осень,Да,Нет
20251111,2025-11-11,11,Вторник,46,Ноябрь,11,4,2025,Осень,Да,Нет
20251112,2025-11-12,12,Среда,46,Ноябрь,11,4,2025,Осень,Да,Нет
20251113,2025-11-13,13,Четверг,46,Ноябрь,11,4,2025,Осень,Да,Нет
20251114,2025-11-14,14,Пятница,46,Ноябрь,11,4,2025,Осень,Да,Нет
20251115,2025-11-15,15,Суббота,46,Ноябрь,11,4,2025,Осень,Нет,Нет
20251116,2025-11-16,16,Воскресенье,46,Ноябрь,11,4,2025,Осень,Нет,Нет
20251117,2025-11-17,17,Понедельник,47,Ноябрь,11,4,2025,Осень,Да,Нет
20251118,2025-11-18,18,Вторник,47,Ноябрь,11,4,2025,Осень,Да,Нет
20251119,2025-11-19,19,Среда,47,Ноябрь,11,4,2025,Осень,Да,Нет
20251120,2025-11-20,20,Четверг,47,Ноябрь,11,4,2025,Осень,Да,Нет
20251121,2025-11-21,21,Пятница,47,Ноябрь,11,4,2025,Осень,Да,Нет
20251122,2025-11-22,22,Суббота,47,Ноябрь,11,4,2025,Осень,Нет,Нет
20251123,2025-11-23,23,Воскресенье,47,Ноябрь,11,4,2025,Осень,Нет,Нет
20251124,2025-11-24,24,Понедельник,48,Ноябрь,11,4,2025,Осень,Да,Нет
20251125,2025-11-25,25,Вторник,48,Ноябрь,11,4,2025,Осень,Да,Нет
20251126,2025-11-26,26,Среда,48,Ноябрь,11,4,2025,Осень,Да,Нет
20251127,2025-11-27,27,Четверг,48,Ноябрь,11,4,2025,Осень,Да,Нет
20251128,2025-11-28,28,Пятница,48,Ноябрь,11,4,2025,Осень,Да,Нет
20251129,2025-11-29,29,Суббота,48,Ноябрь,11,4,2025,Осень,Нет,Нет
20251130,2025-11-30,30,Воскресенье,48,Ноябрь,11,4,2025,Осень,Нет,Нет
20251201,2025-12-01,1,Понедельник,49,Декабрь,12,4,2025,Зима,Да,Нет
20251202,2025-12-02,2,Вторник,49,Декабрь,12,4,2025,Зима,Да,Нет
20251203,2025-12-03,3,Среда,49,Декабрь,12,4,2025,Зима,Да,Нет
20251204,2025-12-04,4,Четверг,49,Декабрь,12,4,2025,Зима,Да,Нет
20251205,2025-12-05,5,Пятница,49,Декабрь,12,4,2025,Зима,Да,Нет
20251206,2025-12-06,6,Суббота,49,Декабрь,12,4,2025,Зима,Нет,Нет
20251207,2025-12-07,7,Воскресенье,49,Декабрь,12,4,2025,Зима,Нет,Нет
20251208,2025-12-08,8,Понедельник,50,Декабрь,12,4,2025,Зима,Да,Нет
20251209,2025-12-09,9,Вторник,50,Декабрь,12,4,2025,Зима,Да,Нет
20251210,2025-12-10,10,Среда,50,Декабрь,12,4,2025,Зима,Да,Нет
20251211,2025-12-11,11,Четверг,50,Декабрь,12,4,2025,Зима,Да,Нет
20251212,2025-12-12,12,Пятница,50,Декабрь,12,4,2025,Зима,Да,Нет
20251213,2025-12-13,13,Суббота,50,Декабрь,12,4,2025,Зима,Нет,Нет
20251214,2025-12-14,14,Воскресенье,50,Декабрь,12,4,2025,Зима,Нет,Нет
20251215,2025-12-15,15,Понедельник,51,Декабрь,12,4,2025,Зима,Да,Нет
20251216,2025-12-16,16,Вторник,51,Декабрь,12,4,2025,Зима,Да,Нет
20251217,2025-12-17,17,Среда,51,Декабрь,12,4,2025,Зима,Да,Нет
20251218,2025-12-18,18,Четверг,51,Декабрь,12,4,2025,Зима,Да,Нет
20251219,2025-12-19,19,Пятница,51,Декабрь,12,4,2025,Зима,Да,Нет
20251220,2025-12-20,20,Суббота,51,Декабрь,12,4,2025,Зима,Нет,Нет
20251221,2025-12-21,21,Воскресенье,51,Декабрь,12,4,2025,Зима,Нет,Нет
20251222,2025-12-22,22,Понедельник,52,Декабрь,12,4,2025,Зима,Да,Нет
20251223,2025-12-23,23,Вторник,52,Декабрь,12,4,2025,Зима,Да,Нет
20251224,2025-12-24,24,Среда,52,Декабрь,12,4,2025,Зима,Да,Нет
20251225,2025-12-25,25,Четверг,52,Декабрь,12,4,2025,Зима,Да,Да
20251226,2025-12-26,26,Пятница,52,Декабрь,12,4,2025,Зима,Да,Нет
20251227,2025-12-27,27,Суббота,52,Декабрь,12,4,2025,Зима,Нет,Нет
20251228,2025-12-28,28,Воскресенье,52,Декабрь,12,4,2025,Зима,Нет,Нет
20251229,2025-12-29,29,Понедельник,1,Декабрь,12,4,2025,Зима,Да,Нет
20251230,2025-12-30,30,Вторник,1,Декабрь,12,4,2025,Зима,Да,Нет
20251231,2025-12-31,31,Среда,1,Декабрь,12,4,2025,Зима,Да,Нет
20260101,2026-01-01,1,Четверг,1,Январь,1,1,2026,Зима,Да,Да
20260102,2026-01-02,2,Пятница,1,Январь,1,1,2026,Зима,Да,Да
20260103,2026-01-03,3,Суббота,1,Январь,1,1,2026,Зима,Нет,Нет
20260104,2026-01-04,4,Воскресенье,1,Январь,1,1,2026,Зима,Нет,Нет
20260105,2026-01-05,5,Понедельник,2,Январь,1,1,2026,Зима,Да,Нет
20260106,2026-01-06,6,Вторник,2,Январь,1,1,2026,Зима,Да,Нет
20260107,2026-01-07,7,Среда,2,Январь,1,1,2026,Зима,Да,Да
20260108,2026-01-08,8,Четверг,2,Январь,1,1,2026,Зима,Да,Нет
20260109,2026-01-09,9,Пятница,2,Январь,1,1,2026,Зима,Да,Нет
20260110,2026-01-10,10,Суббота,2,Январь,1,1,2026,Зима,Нет,Нет
20260111,2026-01-11,11,Воскресенье,2,Январь,1,1,2026,Зима,Нет,Нет
20260112,2026-01-12,12,Понедельник,3,Январь,1,1,2026,Зима,Да,Нет
20260113,2026-01-13,13,Вторник,3,Январь,1,1,2026,Зима,Да,Нет
20260114,2026-01-14,14,Среда,3,Январь,1,1,2026,Зима,Да,Нет
20260115,2026-01-15,15,Четверг,3,Январь,1,1,2026,Зима,Да,Нет
20260116,2026-01-16,16,Пятница,3,Январь,1,1,2026,Зима,Да,Нет
20260117,2026-01-17,17,Суббота,3,Январь,1,1,2026,Зима,Нет,Нет
20260118,2026-01-18,18,Воскресенье,3,Январь,1,1,2026,Зима,Нет,Нет
20260119,2026-01-19,19,Понедельник,4,Январь,1,1,2026,Зима,Да,Нет
20260120,2026-01-20,20,Вторник,4,Январь,1,1,2026,Зима,Да,Нет
20260121,2026-01-21,21,Среда,4,Январь,1,1,2026,Зима,Да,Нет
20260122,2026-01-22,22,Четверг,4,Январь,1,1,2026,Зима,Да,Нет
20260123,2026-01-23,23,Пятница,4,Январь,1,1,2026,Зима,Да,Нет
20260124,2026-01-24,24,Суббота,4,Январь,1,1,2026,Зима,Нет,Нет
20260125,2026-01-25,25,Воскресенье,4,Январь,1,1,2026,Зима,Нет,Нет
20260126,2026-01-26,26,Понедельник,5,Январь,1,1,2026,Зима,Да,Нет
20260127,2026-01-27,27,Вторник,5,Январь,1,1,2026,Зима,Да,Нет
20260128,2026-01-28,28,Среда,5,Январь,1,1,2026,Зима,Да,Нет
20260129,2026-01-29,29,Четверг,5,Январь,1,1,2026,Зима,Да,Нет
20260130,2026-01-30,30,Пятница,5,Январь,1,1,2026,Зима,Да,Нет
20260131,2026-01-31,31,Суббота,5,Январь,1,1,2026,Зима,Нет,Нет
20260201,2026-02-01,1,Воскресенье,5,Февраль,2,1,2026,Зима,Нет,Нет
20260202,2026-02-02,2,Понедельник,6,Февраль,2,1,2026,Зима,Да,Нет
20260203,2026-02-03,3,Вторник,6,Февраль,2,1,2026,Зима,Да,Нет
20260204,2026-02-04,4,Среда,6,Февраль,2,1,2026,Зима,Да,Нет
20260205,2026-02-05,5,Четверг,6,Февраль,2,1,2026,Зима,Да,Нет
20260206,2026-02-06,6,Пятница,6,Февраль,2,1,2026,Зима,Да,Нет
20260207,2026-02-07,7,Суббота,6,Февраль,2,1,2026,Зима,Нет,Нет
20260208,2026-02-08,8,Воскресенье,6,Февраль,2,1,2026,Зима,Нет,Нет
20260209,2026-02-09,9,Понедельник,7,Февраль,2,1,2026,Зима,Да,Нет
20260210,2026-02-10,10,Вторник,7,Февраль,2,1,2026,Зима,Да,Нет
20260211,2026-02-11,11,Среда,7,Февраль,2,1,2026,Зима,Да,Нет
20260212,2026-02-12,12,Четверг,7,Февраль,2,1,2026,Зима,Да,Нет
20260213,2026-02-13,13,Пятница,7,Февраль,2,1,2026,Зима,Да,Нет
20260214,2026-02-14,14,Суббота,7,Февраль,2,1,2026,Зима,Нет,Нет
20260215,2026-02-15,15,Воскресенье,7,Февраль,2,1,2026,Зима,Нет,Нет
20260216,2026-02-16,16,Понедельник,8,Февраль,2,1,2026,Зима,Да,Нет
20260217,2026-02-17,17,Вторник,8,Февраль,2,1,2026,Зима,Да,Нет
20260218,2026-02-18,18,Среда,8,Февраль,2,1,2026,Зима,Да,Нет
20260219,2026-02-19,19,Четверг,8,Февраль,2,1,2026,Зима,Да,Нет
20260220,2026-02-20,20,Пятница,8,Февраль,2,1,2026,Зима,Да,Нет
20260221,2026-02-21,21,Суббота,8,Февраль,2,1,2026,Зима,Нет,Нет
20260222,2026-02-22,22,Воскресенье,8,Февраль,2,1,2026,Зима,Нет,Нет
20260223,2026-02-23,23,Понедельник,9,Февраль,2,1,2026,Зима,Да,Нет
20260224,2026-02-24,24,Вторник,9,Февраль,2,1,2026,Зима,Да,Нет
20260225,2026-02-25,25,Среда,9,Февраль,2,1,2026,Зима,Да,Нет
20260226,2026-02-26,26,Четверг,9,Февраль,2,1,2026,Зима,Да,Нет
20260227,2026-02-27,27,Пятница,9,Февраль,2,1,2026,Зима,Да,Нет
20260228,2026-02-28,28,Суббота,9,Февраль,2,1,2026,Зима,Нет,Нет
20260301,2026-03-01,1,Воскресенье,9,Март,3,1,2026,Весна,Нет,Нет
20260302,2026-03-02,2,Понедельник,10,Март,3,1,2026,Весна,Да,Нет
20260303,2026-03-03,3,Вторник,10,Март,3,1,2026,Весна,Да,Нет
20260304,2026-03-04,4,Среда,10,Март,3,1,2026,Весна,Да,Нет
20260305,2026-03-05,5,Четверг,10,Март,3,1,2026,Весна,Да,Нет
20260306,2026-03-06,6,Пятница,10,Март,3,1,2026,Весна,Да,Нет
20260307,2026-03-07,7,Суббота,10,Март,3,1,2026,Весна,Нет,Нет
20260308,2026-03-08,8,Воскресенье,10,Март,3,1,2026,Весна,Нет,Да
20260309,2026-03-09,9,Понедельник,11,Март,3,1,2026,Весна,Да,Нет
20260310,2026-03-10,10,Вторник,11,Март,3,1,2026,Весна,Да,Нет
20260311,2026-03-11,11,Среда,11,Март,3,1,2026,Весна,Да,Нет
20260312,2026-03-12,12,Четверг,11,Март,3,1,2026,Весна,Да,Нет
20260313,2026-03-13,13,Пятница,11,Март,3,1,2026,Весна,Да,Нет
20260314,2026-03-14,14,Суббота,11,Март,3,1,2026,Весна,Нет,Нет
20260315,2026-03-15,15,Воскресенье,11,Март,3,1,2026,Весна,Нет,Нет
20260316,2026-03-16,16,Понедельник,12,Март,3,1,2026,Весна,Да,Нет
20260317,2026-03-17,17,Вторник,12,Март,3,1,2026,Весна,Да,Нет
20260318,2026-03-18,18,Среда,12,Март,3,1,2026,Весна,Да,Нет
20260319,2026-03-19,19,Четверг,12,Март,3,1,2026,Весна,Да,Нет
20260320,2026-03-20,20,Пятница,12,Март,3,1,2026,Весна,Да,Нет
20260321,2026-03-21,21,Суббота,12,Март,3,1,2026,Весна,Нет,Нет
20260322,2026-03-22,22,Воскресенье,12,Март,3,1,2026,Весна,Нет,Нет
20260323,2026-03-23,23,Понедельник,13,Март,3,1,2026,Весна,Да,Нет
20260324,2026-03-24,24,Вторник,13,Март,3,1,2026,Весна,Да,Нет
20260325,2026-03-25,25,Среда,13,Март,3,1,2026,Весна,Да,Нет
20260326,2026-03-26,26,Четверг,13,Март,3,1,2026,Весна,Да,Нет
20260327,2026-03-27,27,Пятница,13,Март,3,1,2026,Весна,Да,Нет
20260328,2026-03-28,28,Суббота,13,Март,3,1,2026,Весна,Нет,Нет
20260329,2026-03-29,29,Воскресенье,13,Март,3,1,2026,Весна,Нет,Нет
20260330,2026-03-30,30,Понедельник,14,Март,3,1,2026,Весна,Да,Нет
20260331,2026-03-31,31,Вторник,14,Март,3,1,2026,Весна,Да,Нет
20260401,2026-04-01,1,Среда,14,Апрель,4,2,2026,Весна,Да,Нет
20260402,2026-04-02,2,Четверг,14,Апрель,4,2,2026,Весна,Да,Нет
20260403,2026-04-03,3,Пятница,14,Апрель,4,2,2026,Весна,Да,Нет
20260404,2026-04-04,4,Суббота,14,Апрель,4,2,2026,Весна,Нет,Нет
20260405,2026-04-05,5,Воскресенье,14,Апрель,4,2,2026,Весна,Нет,Нет
20260406,2026-04-06,6,Понедельник,15,Апрель,4,2,2026,Весна,Да,Нет
20260407,2026-04-07,7,Вторник,15,Апрель,4,2,2026,Весна,Да,Нет
20260408,2026-04-08,8,Среда,15,Апрель,4,2,2026,Весна,Да,Нет
20260409,2026-04-09,9,Четверг,15,Апрель,4,2,2026,Весна,Да,Нет
20260410,2026-04-10,10,Пятница,15,Апрель,4,2,2026,Весна,Да,Нет
20260411,2026-04-11,11,Суббота,15,Апрель,4,2,2026,Весна,Нет,Нет
20260412,2026-04-12,12,Воскресенье,15,Апрель,4,2,2026,Весна,Нет,Нет
20260413,2026-04-13,13,Понедельник,16,Апрель,4,2,2026,Весна,Да,Нет
20260414,2026-04-14,14,Вторник,16,Апрель,4,2,2026,Весна,Да,Нет
20260415,2026-04-15,15,Среда,16,Апрель,4,2,2026,Весна,Да,Нет
20260416,2026-04-16,16,Четверг,16,Апрель,4,2,2026,Весна,Да,Нет
20260417,2026-04-17,17,Пятница,16,Апрель,4,2,2026,Весна,Да,Нет
20260418,2026-04-18,18,Суббота,16,Апрель,4,2,2026,Весна,Нет,Нет
20260419,2026-04-19,19,Воскресенье,16,Апрель,4,2,2026,Весна,Нет,Нет
20260420,2026-04-20,20,Понедельник,17,Апрель,4,2,2026,Весна,Да,Нет
20260421,2026-04-21,21,Вторник,17,Апрель,4,2,2026,Весна,Да,Нет
20260422,2026-04-22,22,Среда,17,Апрель,4,2,2026,Весна,Да,Нет
20260423,2026-04-23,23,Четверг,17,Апрель,4,2,2026,Весна,Да,Нет
20260424,2026-04-24,24,Пятница,17,Апрель,4,2,2026,Весна,Да,Нет
20260425,2026-04-25,25,Суббота,17,Апрель,4,2,2026,Весна,Нет,Нет
20260426,2026-04-26,26,Воскресенье,17,Апрель,4,2,2026,Весна,Нет,Нет
20260427,2026-04-27,27,Понедельник,18,Апрель,4,2,2026,Весна,Да,Нет
20260428,2026-04-28,28,Вторник,18,Апрель,4,2,2026,Весна,Да,Нет
20260429,2026-04-29,29,Среда,18,Апрель,4,2,2026,Весна,Да,Нет
20260430,2026-04-30,30,Четверг,18,Апрель,4,2,2026,Весна,Да,Нет
20260501,2026-05-01,1,Пятница,18,Май,5,2,2026,Весна,Да,Да
20260502,2026-05-02,2,Суббота,18,Май,5,2,2026,Весна,Нет,Нет
20260503,2026-05-03,3,Воскресенье,18,Май,5,2,2026,Весна,Нет,Нет
20260504,2026-05-04,4,Понедельник,19,Май,5,2,2026,Весна,Да,Нет
20260505,2026-05-05,5,Вторник,19,Май,5,2,2026,Весна,Да,Нет
20260506,2026-05-06,6,Среда,19,Май,5,2,2026,Весна,Да,Нет
20260507,2026-05-07,7,Четверг,19,Май,5,2,2026,Весна,Да,Нет
20260508,2026-05-08,8,Пятница,19,Май,5,2,2026,Весна,Да,Нет
20260509,2026-05-09,9,Суббота,19,Май,5,2,2026,Весна,Нет,Да
20260510,2026-05-10,10,Воскресенье,19,Май,5,2,2026,Весна,Нет,Нет
20260511,2026-05-11,11,Понедельник,20,Май,5,2,2026,Весна,Да,Нет
20260512,2026-05-12,12,Вторник,20,Май,5,2,2026,Весна,Да,Нет
20260513,2026-05-13,13,Среда,20,Май,5,2,2026,Весна,Да,Нет
20260514,2026-05-14,14,Четверг,20,Май,5,2,2026,Весна,Да,Нет
20260515,2026-05-15,15,Пятница,20,Май,5,2,2026,Весна,Да,Нет
20260516,2026-05-16,16,Суббота,20,Май,5,2,2026,Весна,Нет,Нет
20260517,2026-05-17,17,Воскресенье,20,Май,5,2,2026,Весна,Нет,Нет
20260518,2026-05-18,18,Понедельник,21,Май,5,2,2026,Весна,Да,Нет
20260519,2026-05-19,19,Вторник,21,Май,5,2,2026,Весна,Да,Нет
20260520,2026-05-20,20,Среда,21,Май,5,2,2026,Весна,Да,Нет
20260521,2026-05-21,21,Четверг,21,Май,5,2,2026,Весна,Да,Нет
20260522,2026-05-22,22,Пятница,21,Май,5,2,2026,Весна,Да,Нет
20260523,2026-05-23,23,Суббота,21,Май,5,2,2026,Весна,Нет,Нет
20260524,2026-05-24,24,Воскресенье,21,Май,5,2,2026,Весна,Нет,Нет
20260525,2026-05-25,25,Понедельник,22,Май,5,2,2026,Весна,Да,Нет
20260526,2026-05-26,26,Вторник,22,Май,5,2,2026,Весна,Да,Нет
20260527,2026-05-27,27,Среда,22,Май,5,2,2026,Весна,Да,Нет
20260528,2026-05-28,28,Четверг,22,Май,5,2,2026,Весна,Да,Нет
20260529,2026-05-29,29,Пятница,22,Май,5,2,2026,Весна,Да,Нет
20260530,2026-05-30,30,Суббота,22,Май,5,2,2026,Весна,Нет,Нет
20260531,2026-05-31,31,Воскресенье,22,Май,5,2,2026,Весна,Нет,Нет
20260601,2026-06-01,1,Понедельник,23,Июнь,6,2,2026,Лето,Да,Нет
20260602,2026-06-02,2,Вторник,23,Июнь,6,2,2026,Лето,Да,Нет
20260603,2026-06-03,3,Среда,23,Июнь,6,2,2026,Лето,Да,Нет
20260604,2026-06-04,4,Четверг,23,Июнь,6,2,2026,Лето,Да,Нет
20260605,2026-06-05,5,Пятница,23,Июнь,6,2,2026,Лето,Да,Нет
20260606,2026-06-06,6,Суббота,23,Июнь,6,2,2026,Лето,Нет,Нет
20260607,2026-06-07,7,Воскресенье,23,Июнь,6,2,2026,Лето,Нет,Нет
20260608,2026-06-08,8,Понедельник,24,Июнь,6,2,2026,Лето,Да,Нет
20260609,2026-06-09,9,Вторник,24,Июнь,6,2,2026,Лето,Да,Нет
20260610,2026-06-10,10,Среда,24,Июнь,6,2,2026,Лето,Да,Нет
20260611,2026-06-11,11,Четверг,24,Июнь,6,2,2026,Лето,Да,Нет
20260612,2026-06-12,12,Пятница,24,Июнь,6,2,2026,Лето,Да,Нет
20260613,2026-06-13,13,Суббота,24,Июнь,6,2,2026,Лето,Нет,Нет
20260614,2026-06-14,14,Воскресенье,24,Июнь,6,2,2026,Лето,Нет,Нет
20260615,2026-06-15,15,Понедельник,25,Июнь,6,2,2026,Лето,Да,Нет
20260616,2026-06-16,16,Вторник,25,Июнь,6,2,2026,Лето,Да,Нет
20260617,2026-06-17,17,Среда,25,Июнь,6,2,2026,Лето,Да,Нет
20260618,2026-06-18,18,Четверг,25,Июнь,6,2,2026,Лето,Да,Нет
20260619,2026-06-19,19,Пятница,25,Июнь,6,2,2026,Лето,Да,Нет
20260620,2026-06-20,20,Суббота,25,Июнь,6,2,2026,Лето,Нет,Нет
20260621,2026-06-21,21,Воскресенье,25,Июнь,6,2,2026,Лето,Нет,Нет
20260622,2026-06-22,22,Понедельник,26,Июнь,6,2,2026,Лето,Да,Нет
20260623,2026-06-23,23,Вторник,26,Июнь,6,2,2026,Лето,Да,Нет
20260624,2026-06-24,24,Среда,26,Июнь,6,2,2026,Лето,Да,Нет
20260625,2026-06-25,25,Четверг,26,Июнь,6,2,2026,Лето,Да,Нет
20260626,2026-06-26,26,Пятница,26,Июнь,6,2,2026,Лето,Да,Нет
20260627,2026-06-27,27,Суббота,26,Июнь,6,2,2026,Лето,Нет,Нет
20260628,2026-06-28,28,Воскресенье,26,Июнь,6,2,2026,Лето,Нет,Нет
20260629,2026-06-29,29,Понедельник,27,Июнь,6,2,2026,Лето,Да,Нет
20260630,2026-06-30,30,Вторник,27,Июнь,6,2,2026,Лето,Да,Нет
20260701,2026-07-01,1,Среда,27,Июль,7,3,2026,Лето,Да,Нет
20260702,2026-07-02,2,Четверг,27,Июль,7,3,2026,Лето,Да,Нет
20260703,2026-07-03,3,Пятница,27,Июль,7,3,2026,Лето,Да,Да
20260704,2026-07-04,4,Суббота,27,Июль,7,3,2026,Лето,Нет,Нет
20260705,2026-07-05,5,Воскресенье,27,Июль,7,3,2026,Лето,Нет,Нет
20260706,2026-07-06,6,Понедельник,28,Июль,7,3,2026,Лето,Да,Нет
20260707,2026-07-07,7,Вторник,28,Июль,7,3,2026,Лето,Да,Нет
20260708,2026-07-08,8,Среда,28,Июль,7,3,2026,Лето,Да,Нет
20260709,2026-07-09,9,Четверг,28,Июль,7,3,2026,Лето,Да,Нет
20260710,2026-07-10,10,Пятница,28,Июль,7,3,2026,Лето,Да,Нет
20260711,2026-07-11,11,Суббота,28,Июль,7,3,2026,Лето,Нет,Нет
20260712,2026-07-12,12,Воскресенье,28,Июль,7,3,2026,Лето,Нет,Нет
20260713,2026-07-13,13,Понедельник,29,Июль,7,3,2026,Лето,Да,Нет
20260714,2026-07-14,14,Вторник,29,Июль,7,3,2026,Лето,Да,Нет
20260715,2026-07-15,15,Среда,29,Июль,7,3,2026,Лето,Да,Нет
20260716,2026-07-16,16,Четверг,29,Июль,7,3,2026,Лето,Да,Нет
20260717,2026-07-17,17,Пятница,29,Июль,7,3,2026,Лето,Да,Нет
20260718,2026-07-18,18,Суббота,29,Июль,7,3,2026,Лето,Нет,Нет
20260719,2026-07-19,19,Воскресенье,29,Июль,7,3,2026,Лето,Нет,Нет
20260720,2026-07-20,20,Понедельник,30,Июль,7,3,2026,Лето,Да,Нет
20260721,2026-07-21,21,Вторник,30,Июль,7,3,2026,Лето,Да,Нет
20260722,2026-07-22,22,Среда,30,Июль,7,3,2026,Лето,Да,Нет
20260723,2026-07-23,23,Четверг,30,Июль,7,3,2026,Лето,Да,Нет
20260724,2026-07-24,24,Пятница,30,Июль,7,3,2026,Лето,Да,Нет
20260725,2026-07-25,25,Суббота,30,Июль,7,3,2026,Лето,Нет,Нет
20260726,2026-07-26,26,Воскресенье,30,Июль,7,3,2026,Лето,Нет,Нет
20260727,2026-07-27,27,Понедельник,31,Июль,7,3,2026,Лето,Да,Нет
20260728,2026-07-28,28,Вторник,31,Июль,7,3,2026,Лето,Да,Нет
20260729,2026-07-29,29,Среда,31,Июль,7,3,2026,Лето,Да,Нет
20260730,2026-07-30,30,Четверг,31,Июль,7,3,2026,Лето,Да,Нет
20260731,2026-07-31,31,Пятница,31,Июль,7,3,2026,Лето,Да,Нет
20260801,2026-08-01,1,Суббота,31,Август,8,3,2026,Лето,Нет,Нет
20260802,2026-08-02,2,Воскресенье,31,Август,8,3,2026,Лето,Нет,Нет
20260803,2026-08-03,3,Понедельник,32,Август,8,3,2026,Лето,Да,Нет
20260804,2026-08-04,4,Вторник,32,Август,8,3,2026,Лето,Да,Нет
20260805,2026-08-05,5,Среда,32,Август,8,3,2026,Лето,Да,Нет
20260806,2026-08-06,6,Четверг,32,Август,8,3,2026,Лето,Да,Нет
20260807,2026-08-07,7,Пятница,32,Август,8,3,2026,Лето,Да,Нет
20260808,2026-08-08,8,Суббота,32,Август,8,3,2026,Лето,Нет,Нет
20260809,2026-08-09,9,Воскресенье,32,Август,8,3,2026,Лето,Нет,Нет
20260810,2026-08-10,10,Понедельник,33,Август,8,3,2026,Лето,Да,Нет
20260811,2026-08-11,11,Вторник,33,Август,8,3,2026,Лето,Да,Нет
20260812,2026-08-12,12,Среда,33,Август,8,3,2026,Лето,Да,Нет
20260813,2026-08-13,13,Четверг,33,Август,8,3,2026,Лето,Да,Нет
20260814,2026-08-14,14,Пятница,33,Август,8,3,2026,Лето,Да,Нет
20260815,2026-08-15,15,Суббота,33,Август,8,3,2026,Лето,Нет,Нет
20260816,2026-08-16,16,Воскресенье,33,Август,8,3,2026,Лето,Нет,Нет
20260817,2026-08-17,17,Понедельник,34,Август,8,3,2026,Лето,Да,Нет
20260818,2026-08-18,18,Вторник,34,Август,8,3,2026,Лето,Да,Нет
20260819,2026-08-19,19,Среда,34,Август,8,3,2026,Лето,Да,Нет
20260820,2026-08-20,20,Четверг,34,Август,8,3,2026,Лето,Да,Нет
20260821,2026-08-21,21,Пятница,34,Август,8,3,2026,Лето,Да,Нет
20260822,2026-08-22,22,Суббота,34,Август,8,3,2026,Лето,Нет,Нет
20260823,2026-08-23,23,Воскресенье,34,Август,8,3,2026,Лето,Нет,Нет
20260824,2026-08-24,24,Понедельник,35,Август,8,3,2026,Лето,Да,Нет
20260825,2026-08-25,25,Вторник,35,Август,8,3,2026,Лето,Да,Нет
20260826,2026-08-26,26,Среда,35,Август,8,3,2026,Лето,Да,Нет
20260827,2026-08-27,27,Четверг,35,Август,8,3,2026,Лето,Да,Нет
20260828,2026-08-28,28,Пятница,35,Август,8,3,2026,Лето,Да,Нет
20260829,2026-08-29,29,Суббота,35,Август,8,3,2026,Лето,Нет,Нет
20260830,2026-08-30,30,Воскресенье,35,Август,8,3,2026,Лето,Нет,Нет
20260831,2026-08-31,31,Понедельник,36,Август,8,3,2026,Лето,Да,Нет
20260901,2026-09-01,1,Вторник,36,Сентябрь,9,3,2026,Осень,Да,Нет
20260902,2026-09-02,2,Среда,36,Сентябрь,9,3,2026,Осень,Да,Нет
20260903,2026-09-03,3,Четверг,36,Сентябрь,9,3,2026,Осень,Да,Нет
20260904,2026-09-04,4,Пятница,36,Сентябрь,9,3,2026,Осень,Да,Нет
20260905,2026-09-05,5,Суббота,36,Сентябрь,9,3,2026,Осень,Нет,Нет
20260906,2026-09-06,6,Воскресенье,36,Сентябрь,9,3,2026,Осень,Нет,Нет
20260907,2026-09-07,7,Понедельник,37,Сентябрь,9,3,2026,Осень,Да,Нет
20260908,2026-09-08,8,Вторник,37,Сентябрь,9,3,2026,Осень,Да,Нет
20260909,2026-09-09,9,Среда,37,Сентябрь,9,3,2026,Осень,Да,Нет
20260910,2026-09-10,10,Четверг,37,Сентябрь,9,3,2026,Осень,Да,Нет
20260911,2026-09-11,11,Пятница,37,Сентябрь,9,3,2026,Осень,Да,Нет
20260912,2026-09-12,12,Суббота,37,Сентябрь,9,3,2026,Осень,Нет,Нет
20260913,2026-09-13,13,Воскресенье,37,Сентябрь,9,3,2026,Осень,Нет,Нет
20260914,2026-09-14,14,Понедельник,38,Сентябрь,9,3,2026,Осень,Да,Нет
20260915,2026-09-15,15,Вторник,38,Сентябрь,9,3,2026,Осень,Да,Нет
20260916,2026-09-16,16,Среда,38,Сентябрь,9,3,2026,Осень,Да,Нет
20260917,2026-09-17,17,Четверг,38,Сентябрь,9,3,2026,Осень,Да,Нет
20260918,2026-09-18,18,Пятница,38,Сентябрь,9,3,2026,Осень,Да,Нет
20260919,2026-09-19,19,Суббота,38,Сентябрь,9,3,2026,Осень,Нет,Нет
20260920,2026-09-20,20,Воскресенье,38,Сентябрь,9,3,2026,Осень,Нет,Нет
20260921,2026-09-21,21,Понедельник,39,Сентябрь,9,3,2026,Осень,Да,Нет
20260922,2026-09-22,22,Вторник,39,Сентябрь,9,3,2026,Осень,Да,Нет
20260923,2026-09-23,23,Среда,39,Сентябрь,9,3,2026,Осень,Да,Нет
20260924,2026-09-24,24,Четверг,39,Сентябрь,9,3,2026,Осень,Да,Нет
20260925,2026-09-25,25,Пятница,39,Сентябрь,9,3,2026,Осень,Да,Нет
20260926,2026-09-26,26,Суббота,39,Сентябрь,9,3,2026,Осень,Нет,Нет
20260927,2026-09-27,27,Воскресенье,39,Сентябрь,9,3,2026,Осень,Нет,Нет
20260928,2026-09-28,28,Понедельник,40,Сентябрь,9,3,2026,Осень,Да,Нет
20260929,2026-09-29,29,Вторник,40,Сентябрь,9,3,2026,Осень,Да,Нет
20260930,2026-09-30,30,Среда,40,Сентябрь,9,3,2026,Осень,Да,Нет
20261001,2026-10-01,1,Четверг,40,Октябрь,10,4,2026,Осень,Да,Нет
